t;B1;B2;B3;B4;B5;B6;B7;B8;B9
0.01;3.4705516891936443;6.816074802825116;3.9885544319518105;-2.3350839682665097;-9.824811132296398;-6.125152148850803;-85.04079939653806;-2.9765501271953503;0.15789436116183012
0.02;3.9290839143853944;8.028436289767836;4.974293150730939;-1.8217922045163033;-9.311519367574437;-5.487232371936693;-84.04665646395242;-2.065930702616788;1.0685137849041502
0.03;4.437530505179498;9.426177159398517;6.184814409196566;-1.2403279126068674;-8.730055074750817;-4.739527194559883;-82.88614429888354;-0.9556578324992041;2.1787866546233996
0.04;4.996498190546468;11.008187035140386;7.616934566665646;-0.5905419520712474;-8.080269113306139;-3.8828109046372505;-81.56013693222778;0.3516347196806018;3.4860792067379314
0.05;5.606617574746267;12.76939324555224;9.26687490407545;0.12766520948696558;-7.36206195077862;-2.9180345821278673;-80.07219133426307;1.852846166893773;4.987290654073577
0.06;6.268532277484602;14.703889691135647;11.13031420564619;0.9143271260139526;-6.5754000331332785;-1.8463351645071155;-78.42682281403192;3.5444530161118646;6.678897503382324
0.07;6.9828862001387915;16.81101149687816;13.202436074786533;1.7693921070003957;-5.720335050832272;-0.6690488628003713;-76.62545982794411;5.422548512153122;8.556992999406567
0.08;7.750060654997038;19.09236310265883;15.474424003708995;2.6919358556436737;-4.797791300646988;0.6104515315745832;-74.66900078085158;7.479666613531634;10.614111100753192
0.09;8.570293342870999;21.54952726189978;17.936621208748743;3.6806235332760546;-3.8091036212113063;1.9879947385191608;-72.55857461182933;9.707469800187296;12.841914287474394
0.1;9.443970312798342;24.184051096491935;20.582800460908043;4.734636103663352;-2.755091048728602;3.460826080635282;-70.29448113678053;12.10063587449112;15.235080361959335
0.11;10.371448464156712;26.997434947849953;23.407188909741127;5.853113655303541;-1.6366134946693731;5.026247111502392;-67.87688700949788;14.65425665755566;17.788701145319077
0.12;11.353000106172058;29.99112352525431;26.403778968961547;7.035002120663422;-0.45472502653354907;6.68125928092962;-65.30598478279663;17.363223085886784;20.497667574056933
0.13;12.388808227931413;33.16649904978744;29.566384154636197;8.279056648676422;0.7893295046473646;8.422577817853663;-62.581966475634026;20.222277131991962;23.356721620676247
0.14;13.478964505957387;36.52487611400337;32.88869594074059;9.583850026102532;2.0941228856702554;10.246650031610969;-59.70499362144311;23.226064842532914;26.360509331832418
0.15;14.623470164555624;40.067498002361475;36.364340992910634;10.947786049393027;3.4580589130250807;12.149677566936013;-56.67516418125809;26.369189933944885;29.50363442395153
0.16;15.822239663958655;43.79553424355563;39.986938310073;12.369117554433577;4.879390422637866;14.127642058367153;-53.49247665857075;29.646267555769278;32.7807120465623
0.17;17.07510703747413;47.710079191842034;43.75015583742675;13.845968599104621;6.3562414724308995;16.17633348948547;-50.15679170752637;33.051977877150975;36.18642236879267
0.18;18.38183454421037;51.81215145940687;47.647766167163546;15.376360101554559;7.886632980595577;18.291380454805587;-46.66779144647706;36.58111921482552;39.715563707356154
0.19;19.74212310633535;56.102694045140076;51.67370104866246;16.95823804661134;9.468510932003547;20.468281469848172;-43.02493792911182;40.228660547371796;43.36310504080376
0.2;21.155622740406887;60.58257502656701;55.822105232407125;18.58950263503502;11.099775527458647;22.702436857252803;-39.22742400281983;43.9897942946149;47.12423878892596
0.21;22.62140339532242;65.25258870099326;60.08774670450573;20.267754976667515;12.778027876838912;24.989408303058585;-35.27371187921404;47.86046081481752;50.99490530994486
0.22;24.138258688325713;70.11345707908265;64.46614600440398;21.990595413039834;14.500868321706475;27.32520563209081;-31.161349699215066;51.8375525642909;54.97199706012399
0.23;25.705701273614984;75.16583164925413;68.9530128619038;23.756172105101026;16.266445023048178;29.705936358731222;-26.88762383415008;55.91815993782335;59.052604434193114
0.24;27.323690843790708;80.41029534453541;73.54423386079077;25.562945274356682;18.07321820240965;32.127594284570606;-22.4496086778279;60.09949983008926;63.23394432675691
0.25;28.99217709023644;85.8473646549336;78.23616223278462;27.40943819169374;19.919711130712837;34.58619146303571;-17.843815356948774;64.37928467515773;67.51372917180424
0.26;30.711103376244875;91.47749183824888;83.02565867892574;29.294249729639922;21.80452268051371;37.077762128059106;-13.066118173569402;68.75577009712678;71.89021459334175
0.27;32.48040933865817;97.30106719070584;87.91013005341318;31.216062865048038;23.726335828684647;39.598358393270594;-8.111670779647115;73.2278026186524;76.36224711392255
0.28;34.3000312270041;103.3184213459437;92.88756694285077;33.17364818205755;25.68392115937395;42.14403695693632;-2.9748083692655163;77.79486918294862;80.92931367664606
0.29;36.169899883798806;109.52982757697666;97.95658062876353;35.165862114489755;27.676135106398736;44.71083558309356;2.3510676230802607;82.45714964341038;85.59159413478082
0.3;38.089936361410416;115.93550408084496;103.11643997825884;37.19163981730604;29.70191282470094;47.29473799509773;7.873626128865131;87.21557361651585;90.35001810466707
0.31;40.060045247918524;122.53561622999176;108.36710885188171;39.249982694000416;31.760255717744663;49.89162561447471;13.60195564674878;92.07188336301024;95.20632784683791
0.31;43.899082065366024;118.63162733181831;109.12157763178205;45.522989107423605;36.79335522023858;61.441150684258695;112.4803824635428;104.88594288784068;100.99314618476555
0.32;46.14420755707076;124.42249424780952;113.99466744928088;47.964594305890934;39.23496041870592;64.712813268033;118.09334487114351;110.2400676997058;105.891166815915
0.33;48.44705857894267;130.14452857003394;118.73143749003043;50.430800542932815;41.7011666557478;67.95453702724484;123.63197552329764;115.51044536195793;110.6880910805898
0.34;50.81035902016917;135.79183948998778;123.33308442838366;52.926565738245074;44.19693185106006;71.16818195924645;129.09102876655186;120.6927027852106;115.38135851666951
0.35;53.23670098954651;141.3586855831307;127.80208682884697;55.45687812106602;46.727244233881;74.35606384035532;134.46556438638194;125.78299414034461;119.96931717638948
0.36;55.72853152352983;146.83948013267099;132.1421047739418;58.02670442450597;49.297070537320955;77.52101392134793;139.75095234038014;130.7780148524379;124.45125307250831
0.37;58.28814577868454;152.2287854791223;136.35784867858723;60.64094506018013;51.911311172995106;80.66643294775885;144.94285916201724;135.6749897926704;128.82738481162076
0.38;60.917685182967425;157.52129694988125;140.45492173448915;63.30439396892812;54.5747600817431;83.79632742267047;150.03721663986417;140.4716355764884;133.09882166305547
0.39;63.61913901716179;162.71181827233846;144.43964215275994;66.02170176305835;57.292067875873336;86.91531901430366;155.0301755466117;145.16609986694397;137.26748722012292
0.4;66.3943480899717;167.79523117354088;148.31885153822824;68.79734114440993;60.0677072572249;90.02862017832952;159.91804847405768;149.7568822904645;141.33601289153756
0.41;69.24500938342477;172.76646232952876;152.09971534655966;71.63557389969306;62.90594001250803;93.14197184873214;164.69724660877694;154.24274263183213;145.30760673642996
0.42;72.17268074811554;177.62045094003835;155.78952071670787;74.54041904024973;65.8107851530647;96.26154229385482;169.3642155611855;158.62260243230105;149.1859037740343
0.43;75.17878490643523;182.35211998763833;159.39547621955015;77.51562184365358;68.78598795646856;99.39378958960819;173.91537516402607;162.89544602910152;152.97480400330372
0.44;78.26461217624365;186.9563537552575;162.9245173763938;80.56462368439117;71.83498979720615;102.54529332073244;178.34706756430398;167.0602265638553;156.6783041624997
0.45;81.43132148269284;191.42798352609944;166.38312134382105;83.69053270590979;74.96089881872477;105.72256398300445;182.65551708618986;171.11578174273635;160.3003290276104
0.46;84.67993945888838;195.76178272868833;169.77713417296215;86.89609583397815;78.16646194679312;108.93184146031281;186.83680446578296;175.06076345957413;163.8445682194368
0.47;88.01135777425905;199.9524722103191;173.11161451243325;90.18367334958782;81.4540394624028;112.1788966206057;190.88685726400593;178.89358489541786;167.31432510655205
0.48;91.42632840895158;203.99473519601167;176.39069597736867;93.55521518470167;84.82558129751666;115.46884467993051;194.80145631046378;182.61238617256453;170.71238166768677
0.49;94.92545465483101;207.88323969090922;179.61746535320069;97.01223167627172;88.28259778908672;118.80596207880654;198.5762545170389;186.21501412740875;174.04087524906905
0.5;98.50917575904506;211.61266689461738;182.79385597191734;100.55575366791332;91.82611978072832;122.19350388147487;202.2068053782846;189.69901335659677;177.30118622959998
0.51;102.17774571206104;215.17774626628838;185.92056325736147;104.1862861670735;95.45665227988849;125.63354136642747;205.68860217431973;193.06163219646965;180.493847009341
0.52;105.93120676726595;218.57329556434567;188.99698795361368;107.90375915401395;99.17412526682894;129.1268353902089;209.0171259290677;196.2998439785673;183.6184800078441
0.53;109.7693569232452;221.79426108962727;192.02120751953282;111.70747437542087;102.97784048823586;132.67274635391067;212.18789567610003;199.41037765319425;186.6737642089252
0.54;113.69171074129865;224.83575627790182;194.98997699253877;115.59604743196346;106.86641354477842;136.2691807153142;215.1965178296956;202.38975490569723;189.65743092297424
0.55;117.69745359304076;227.6931014655469;197.89876319291415;119.56734670851439;110.83771282132936;139.91257738103022;218.0387370469584;205.23433671929803;192.5662932096921
0.56;121.78538959636725;230.36186747554441;200.7418154007476;123.61843135741462;114.88879747022962;143.5979358587438;220.71049088074312;207.9403818912902;195.39631172987578
0.57;125.95388356185042;232.8379235651567;203.51227342937827;127.74549073421524;119.01585684703021;147.3188849075627;223.20796818909145;210.5041170618201;198.14269590203983
0.58;130.20079775026068;235.11749004280725;206.20231277847577;131.94378861433427;123.21415472714924;151.06778906307602;225.52767110592887;212.92181719363845;200.80003718554386
0.59;134.52342499536596;237.1971965977904;208.8033257363167;136.2076167326783;127.4779828454933;154.83588975911087;227.66648127787371;215.18989594259506;203.3624702438006
0.6;138.91842060405236;239.07414777512182;211.30613614412667;140.53026316758493;131.8006292803999;158.6134767384346;229.62173147179638;217.3050053329741;205.823856489124
0.61;143.3817363729466;240.74599685280347;213.70124397251953;144.90400168421237;136.17436779702734;162.39008413482023;231.39128332141746;219.26414341503926;208.17798307778978
0.62;147.90856102661087;242.2110287394744;215.97909403011377;149.32010827933212;140.5904743921471;166.15470439540607;232.97361107277789;221.06476739078147;210.41876911806662
0.63;152.49327229779666;243.46825149855613;218.13036112371526;153.76891070021557;145.03927681303057;169.89601234403884;234.3678898859834;222.70490830370986;212.5404698930907
0.64;157.12940646731758;244.51749487587685;220.1462414887583;158.23987523990766;149.51024135272266;173.60259077120546;235.574085772215;224.18328196491882;214.53786906425614
0.65;161.80964915221037;245.3595137745731;222.01873026384223;162.7217279201198;153.99209403293477;177.26313955370105;236.593042997324;225.4993879475395;216.40644205865664
0.66;166.5258407434138;245.99609639193923;223.7408268487271;167.20258273212966;158.47294884494465;180.8666129545886;237.42656273659853;226.65357817121318;218.14244415425853
0.67;171.26903398779254;246.4301566204626;225.30675993585805;171.67014642285653;162.9405125356715;184.40241504418313;238.07746133501175;227.64711023049185;219.74300895753106
0.68;176.02962308579268;246.66580528128688;226.7122797641492;176.11202368970996;167.38238980252493;187.8606920566069;238.54961253452893;228.482205256021;221.206302696802
0.69;180.79751148574766;246.70841104678752;227.95488946538867;180.51603438287137;171.78640049568634;191.23256781324002;238.84797664981392;229.1620852577052;222.531630793588
0.7;185.56231623372005;246.56464400649145;229.03399982334622;184.87053089281014;176.14089700562513;194.51032459441237;238.9786105436606;229.6909844917482;223.71949322157388
0.71;190.31361285741482;246.2424949926054;229.95103468374916;189.16472341302693;180.4350895258419;197.68756893501615;238.94865802107134;230.07414489585884;224.77162070824323
0.72;195.04121268340901;245.75126999455847;230.70949303426548;193.3890016627417;184.6593677755567;200.75938775509968;238.76632481035662;230.3178033911521;225.69100324806013
0.73;199.73545876304064;245.10156202748604;231.31497333530814;197.53523802982463;188.8056041426396;203.7224940483236;238.4408445622857;230.4291791255423;226.48191894707318
0.74;204.38752199346877;244.3052049948591;231.77516597389595;201.59705558740663;192.86742170022163;206.57535745077686;237.98244305642424;230.41646763453315;227.14996789936677
0.75;208.98967567784374;243.37521515556227;232.09981843276572;205.5700438533166;196.8404099661316;209.31831134829906;237.4023068393635;230.28884603915665;227.7021112507185
0.76;213.53552533165285;242.32572550201607;232.30067493849702;209.4519056314476;200.72227174426257;211.95362518805766;236.71255992328366;230.05648922164846;228.14671046875742
0.77;218.02017162401606;241.17191673004731;232.39138876671382;213.24252014837248;204.51288626118748;214.4855290979045;235.92624846966802;229.73059229676898;228.4935572196128
0.78;222.4402882930758;239.9299459542694;232.3874022068348;216.94391130039142;208.21427741320642;216.92017844124365;235.05732943221548;229.32339070989406;228.75388129228497
0.79;226.79410361925454;238.61687158855756;232.30578757992387;220.56011527073179;211.83048138354675;219.2655488685461;234.12065590602137;228.8481669262298;228.94032355314576
0.8;231.08128298546006;237.2505706363666;232.16504341809295;224.09694882150933;215.3673149343243;221.53125760748435;233.1319502334699;228.3192325372421;229.06686322977922
0.81;235.30272010343188;235.84964362692892;231.98484304444787;227.56168754806396;218.83205366087896;223.72831347790324;232.10775616198092;227.75187675696327;229.1486935202497
0.82;239.46025419798806;234.43330285786476;231.7857377227322;230.96267129223827;222.2330374050532;225.8688053270552;231.065363443614;227.16227620563666;229.20204562174732
0.83;243.55633831192338;233.02124132878956;231.58882215246436;234.30886059493974;225.57922670775474;227.96554499300362;230.02270167355695;226.56736567529887;229.2439674778145
0.84;247.5936888050078;231.6334823320506;231.4153751465237;237.6093726466847;228.8797387594997;230.0316855365751;228.99820412098683;225.98467426212702;229.2920686793989
0.85;251.57506047015605;230.2902314374332;231.2865390121978;240.87315488721154;232.14352100002654;232.08046144454738;228.01067899604493;225.43218379295755;229.3643163333635
0.86;255.50365461213258;229.0118604244141;231.22332404461608;244.10941640130855;235.37978251412355;234.12570134886147;227.07939106789806;224.92849455815815;229.4792724745785
0.87;259.38218871704987;227.81867696577964;231.24609587963386;247.32657611017063;238.59694222298563;236.18092381582613;226.223756045207;224.49242017838003;229.65552248296288
0.88;263.211687046089;226.73112484414108;231.37375251299525;250.53067362493633;241.80103973775132;238.25768598596102;225.46320358688175;224.14248548150016;229.91071709381788
0.89;266.9919952158458;225.76941063613813;231.62355725658347;253.72575293372103;244.99611904653602;240.36579574745025;224.81685819475356;223.89668834457845;230.26148993584638
0.9;270.72197007536334;224.9520904032266;232.01090300749797;256.91402469408075;248.18439080689566;242.51336831861408;224.30246242817904;223.77177944609636;230.72315796052848
0.91;274.3996130843152;224.2962054795725;232.54931496678978;260.0959984731183;251.3663645859333;244.70692604253466;223.93650388031136;223.78337106149135;231.30976584888091
0.92;278.0221242389238;223.81780916718324;233.250409971788;263.27048128448723;254.54084739730223;246.95129007240914;223.73456004620206;223.94610106884667;232.0340432944909
0.93;281.58606755887513;223.53189162422487;234.12386446757722;266.4347478585282;257.70511397134317;249.2495997481118;223.71120146409817;224.27352798773353;232.9073106551367
0.94;285.0875570898136;223.45232256465673;235.17742469357614;269.5847723151925;260.8551384280075;251.60338273179124;223.87991263169144;224.77804458996812;233.93940917142095
0.95;288.5224472664581;223.59181044237724;236.41695243238732;272.71550405095024;263.98587016376524;254.01267077587983;224.25302942767019;225.47080841148136;235.13865322186885
0.96;291.886514667706;223.96187522757464;237.84649944015527;275.8211702102822;267.0915363230972;256.4761560286647;224.84169049946465;226.36168689839783;236.5118025645133
0.97;295.17562187597287;224.57283137172016;239.46840387848155;278.8955875913765;270.1659537041915;258.99138227578885;225.65579961605317;227.45921482633537;238.0640530633754
0.98;298.385857894124;225.43377731828747;241.28340257775724;281.93246828515316;273.20283439796816;261.5549644970663;226.7039957808813;228.7705617027268;239.79904485796632
0.99;301.51365294997584;226.55258794277282;243.29075369647646;284.9257055990825;276.1960717118975;264.162828680421;227.9936279713403;230.3015071156899;241.71888727361815
1.0;304.55586825158014;227.93590658386262;245.48836521999934;287.86962963423406;279.13999574704906;266.81046225026364;229.53073172553917;232.05642244540073;243.8241999910565
1.01;307.50986320579244;229.58913383655766;247.87292568781885;290.7592249644892;282.0295910773042;269.4931641041463;231.32000542518634;234.03825799988945;246.11417010204767
1.02;310.37354374632787;231.51641099822507;250.44003449095624;293.59030587300396;284.86067198581895;272.20628246420983;233.36478500554583;236.24853545109966;248.5866246801178
1.03;313.1453957927975;233.7205969677693;253.1843299882062;296.3596472295413;287.6300133423563;274.9454288101141;235.66701691978727;238.68734637072353;251.23811838743546
1.04;315.82450763823016;236.20323843024715;256.0996144357948;299.0650712028341;290.3354373156491;277.70665727465035;238.22723037601284;241.3533585442294;254.0640353682467
1.05;318.41058445481514;238.96453420617877;259.17897516245546;301.70549161577304;292.97585772858804;280.4866011287613;241.0445109614768;244.24383234692021;257.05870416732915
1.06;320.90395724668707;242.0032956565735;262.41490156856116;304.28091884414306;295.55128495695806;283.2825610849559;244.11647866771247;247.3546496883395;260.21552368867447
1.07;323.30558750334825;245.31690601533495;265.79939752581515;306.792428664472;298.062794777287;286.0925435567958;247.43927401957274;250.68035789348676;263.52709740558623
1.08;325.61706759754014;248.90128240563556;269.32408863691126;309.242098477943;300.51246459075793;288.91525025947203;251.00755639811558;254.21423035943147;266.98537223640875
1.09;327.8406157817862;252.75084496838707;272.98032356638737;311.6329141488917;302.9032802617067;291.75002336217534;254.81451859779963;257.94834486875106;270.58177779368737
1.1;329.9790636733798;256.8584979123313;276.7592683749261;313.9686506188266;305.2390167316416;294.59675271296607;258.8519211448779;261.8736791818283;274.3073612860224
1.11;332.03583358481984;261.2156273551214;280.65199265258315;316.2537297499627;307.5240958627777;297.45575344749574;263.11014900677463;265.98022222239206;278.15291342139653
1.12;334.01490302659454;265.81212055324113;284.6495464036038;318.49305953257334;309.76342564538834;300.3276234732718;267.57829217815504;270.25709808738895;282.10908134545315
1.13;335.92075391262006;270.6364107240614;288.7430276339011;320.69185937343445;311.96222548624945;303.2130905234923;272.24425069836497;274.69269983091783;286.1664662328865
1.14;337.7582978259438;275.67555870703364;292.92365969478516;322.85546723236325;314.1258333451782;306.11285075073056;277.09487524223675;279.2748439263517;290.3157172776928
1.15;339.5327608760243;280.9153927407681;297.1829307868421;324.98911563248595;316.25948174530095;309.02739744421217;282.1161702635146;283.99097772555;294.54765783510726
1.16;341.2496275340534;286.3405913457689;301.51253380992637;327.097824203954;318.368190316769;311.9569537734574;287.29338561697625;288.8282330404644;298.85326581809215
1.17;342.9145725877358;291.9347901725827;305.90427186456725;329.1862946711333;320.4566607839483;314.9014013464638;292.6111153018948;293.77346746155314;303.2236229231087
1.18;344.5333221298548;297.6807903447194;310.35014302047176;331.2587357513342;322.5291018641492;317.86016756357424;298.0535205270144;298.81344129693406;307.649982503649
1.19;346.1115369007756;303.5607614007943;314.8423714621548;333.31875292918596;324.58911904200096;320.8321757473907;303.6045196298467;303.9349464122835;312.1237999123791
1.2;347.65470977410047;309.55645090602184;319.3734240712281;335.369283335912;326.6396494487269;323.8158363790933;309.24796724663497;309.12491854898093;316.63675447780935
1.21;349.1680793656651;315.6494009004524;323.93603042516463;337.4125713669928;328.6829374798078;326.80907342003115;314.96782896888203;314.37054582114564;321.1807775699189
1.22;350.6565659620146;321.8211645704756;328.523208539821;339.45018572468314;330.7205518374981;329.8093836374994;320.7483483924445;319.65937423714854;325.74808963204487
1.23;352.12473408795483;328.0535161922455;333.1282969842498;341.4830756962814;332.7534418090964;332.8139247723719;326.57420318923295;324.97940982250344;330.3312468130714
1.24;353.5767833585281;334.32864751348;337.74499247525637;343.5116614726146;334.7820275854296;335.8196263333774;332.43064665318064;330.31921563837136;334.9231956922984
1.25;355.0165663159992;340.629344185872;342.36739056811143;345.5359507339202;336.80631684673517;338.82331515532474;338.30363098634365;335.66800069145376;339.5173326077336
1.26;356.447629197648;346.93913667848693;346.99002585435744;347.5556719183104;338.8260380311254;341.8218468499378;344.17990858432063;341.0156967259426;344.10756258763956
1.27;357.873269440333;353.2424213281813;351.6079073821092;349.57041377334315;340.84077988615815;344.81223407666846;350.0471079386173;346.3530184432035;348.6883520899408
1.28;359.29660250502644;359.52454880624214;356.2165449634745;351.57976105867044;342.85012717148544;347.79176322664784;355.8937816182507;351.67150296865447;353.2547697996024
1.29;360.720630419734;365.77187921896154;360.81196264042626;353.58341753712756;344.85378364994256;350.75809257282907;361.7094251357151;356.9635253918239;357.80251059900235
1.3;362.1483052195761;371.97180515172965;365.3906967323766;355.58130943439863;346.85167554721363;353.70932699414175;367.48446723186134;362.22228881163755;362.3278993484655
1.31;363.58258197536435;378.1127459874953;369.94977737643865;357.57366503416915;348.84403114698415;356.6440667423296;373.210234015136;367.44178927611597;366.8278730273096
1.32;365.02645802038614;384.1841185352488;374.4866940386106;359.56106864286244;350.83143475567744;359.56143006615775;378.87889119193466;372.61675800719473;371.29994177839114
1.33;366.48299696809397;390.17629017597375;378.9993468755445;361.54448947662223;352.8148555894372;362.46105154842115;384.4833700606325;377.74258504884693;375.7421311790871
1.34;367.9553378736725;396.08052123190527;383.4859868776099;363.525287852922;354.79565396573696;365.3430595383656;390.0172838082864;382.8152297383523;380.15290941074096
1.35;369.4466912407826;401.88890305489934;387.9451483319607;365.5052022880615;356.7755684008765;368.20803697964584;395.4748408426706;387.83112404877807;384.531103805686
1.36;370.96032443536933;407.5942974853797;392.37557732243357;367.4863217107902;358.75668782360515;371.0569702672396;400.8507614230348;392.78707487410344;388.8758115234692
1.37;372.4995394783955;413.19028201453324;396.77615988611177;369.4710471288409;360.74141324165583;373.89119068626184;406.1402028330728;397.68017083060863;393.1863089934591
1.38;374.06764636546575;418.6711033645724;401.1458537464872;371.4620471534837;362.73241326629864;376.71231311676564;411.33869696415604;402.50769842146497;397.4619648275578
1.39;375.6679364148757;424.0316400115692;405.48363378137964;373.4622147323257;364.7325808451407;379.5221818352743;416.44210274292715;407.26707298785163;401.7021654924103
1.4;377.3036643096669;429.26737105469044;409.78847708568367;375.4746414116204;366.7450075244354;382.32284851254116;421.4465742627722;411.9557925900713;405.90627542284994
1.41;378.97802994697287;434.37435836035945;414.05933364943417;377.5025874943921;368.7729536072071;385.116544607515;426.3485459326379;416.5714048217415;410.0735937563882
1.42;380.69415299647153;439.3492630461144;418.2950551839985;379.54943221587826;370.8197983286932;387.9056217390496;431.14475344611367;421.111497003014;414.2032917963887
1.43;382.45505141373775;444.18936569714504;422.49433800188376;381.6186269517834;372.8889930645984;390.6924963159398;435.83226650687646;425.57370355884973;418.29436516201554
1.44;384.2636237167458;448.89253204987006;426.6556654033256;383.71364399789445;374.9840101107094;393.47957759298197;440.40847178718127;429.9556751254141;422.3455701219271
1.45;386.12263925411764;453.4571515891754;430.7772405335321;385.837921681099;377.1082877939139;396.269173605713;444.8710297491669;434.25502619810396;426.35534401111346
1.46;388.03472204302847;457.8820960899427;434.85693879516083;387.99481186273044;379.26517797554544;399.06341024083923;449.2178567628015;438.4693142574533;430.3217529970518
1.47;390.0023202703237;462.1666933271584;438.8922901174339;390.1875324536324;381.45789856644734;401.8641824977236;453.4471304541794;442.59605397065434;434.24248035947136
1.48;392.0276838928737;466.310700869539;442.88047472938774;392.419131441822;383.68949755463694;404.67312290128035;457.55729790277206;446.6327429951421;438.1148341408369
1.49;394.11285544795527;470.3142735620964;446.8183222086697;394.69245949329513;385.96282560611013;407.4915727429281;461.5470763564282;450.57688576050197;441.9357602888003
1.5;396.25966669748226;474.1779264048937;450.70231600883733;397.01014726019787;388.28051337301287;410.3205576644374;465.41544776658816;454.42601611766486;445.7018634912256
1.51;398.4697378762818;477.90249413029653;454.52860446259086;399.37458577769905;390.64495189051405;413.16076890656274;469.1616479606953;458.177718803822;449.40943644475226
1.52;400.7444781388223;481.48908847991544;458.2930182946989;401.78790900621004;393.058275119025;416.01255065931855;472.78515098005994;461.8296490455201;453.0544970152206
1.53;403.0850863128472;484.93905418090765;461.9910943910991;404.2519777425237;395.5223438553387;418.87589359504244;476.2856493039918;465.37954974858053;456.632832316778
1.54;405.49255125167184;488.25392464698746;465.6181054883846;406.7683641923932;398.03873030520816;421.7504344495396;479.66303092719335;468.8252660423293;460.1400485807557
1.55;407.9676511785652;491.43537841989996;469.1690954389896;409.3383365654491;400.6087026782641;424.63546132285273;482.9173544398035;472.16475728190096;463.5716256424456
1.56;410.5109515012427;494.48519731817623;472.63891973713;411.96284314831775;403.23320926113274;427.52992417938515;486.04882335430983;475.396106906259;466.9229748987376
1.57;413.1228006616729;497.4052271809144;476.0222910456444;414.6424954428527;405.9128615556677;430.43244984602364;489.05776093425317;478.51753077534374;470.18949966229326
1.58;415.80332368380505;500.1973419961752;479.31382953376465;417.3775501269656;408.6479162397806;433.341360655526;491.9445867190999;481.52738475610846;473.3666569415481
1.59;418.5524131937932;502.8634120962141;482.5081179081924;420.1678898057929;411.4382559186079;436.25469578320224;494.70979582398934;484.4241723917414;476.45001979209536
1.6;421.3697178172145;505.40527699295006;485.5997610799915;423.013002768346;414.283368881161;439.1702342996961;497.3539419387967;487.2065534752586;479.43533949523305
1.61;424.25462800874294;507.8247233224585;488.5834504416743;425.9119622441514;417.1823283569664;442.0855190290977;499.877624773379;489.87335426702106;482.3186069071061
1.62;427.2062595444969;510.12346827041705;491.45403271669863;428.86340595760095;420.13377207041594;444.9978804696305;502.2814825081433;492.4235799582401;485.09611237528435
1.63;430.2234351077984;512.3031487631322;494.20658327397683;431.8655170935085;423.1358832063235;447.90446030295993;504.5661896217546;494.85642980418737;487.7645036345731
1.64;433.304664625918;514.3653166310742;496.83648366417026;434.9160081008998;426.18637421371477;450.80223437429305;506.73246028877475;497.1713151479369;490.3208410750699
1.65;436.4481252666051;516.3114398823083;499.3395029305895;438.01210905467366;429.2824751674886;453.68803544223107;508.78105737466575;499.36788034483993;492.76264973708044
1.66;439.65164227322225;518.1429101589322;501.71188198236024;441.1505625437607;432.42092865657565;456.5585764363667;510.7128069069737;501.4460263961423;495.08796735163673
1.67;442.91267209527246;519.8610563864605;503.95042000802147;444.3276272330361;435.597993345851;459.4104753747111;512.5286177707769;503.40593692267635;497.29538773934553
1.68;446.2282895394961;521.4671645587645;506.05256158074116;447.5390923243282;438.8094584371431;462.24028343084007;514.229506262985;505.248105969698;499.38409893177527
1.69;449.5951808999145;522.9625035236369;508.01648279684326;450.78030508698316;442.05067119979816;465.0445178518202;515.8166250416152;506.97336704138706;501.35391551051146
1.7;453.00964518899303;524.348356539928;509.84117453659087;454.04621340815123;445.31657952096623;467.8197014684288;517.2912959189968;508.58292272256085;503.20530487872475
1.71;456.46760564422596;525.6260582604243;511.52652077756375;457.33142489818243;448.6017910109974;470.56241037565513;518.6550458667575;510.0783742528388;504.93940747924177
1.72;459.96463357719733;526.7970366504295;513.0733698543614;460.6302834560477;451.9006495688627;473.2693309751177;519.9096455189581;511.4617504632974;506.55805131955447
1.73;463.4959863173369;527.8628591780471;514.4835966539893;463.93696334579414;455.20732945860914;475.93732695989024;521.0571493707754;512.7355355471457;508.06376150300514
1.74;467.05666043930034;528.8252824101271;515.7601539504569;467.24557976944703;458.51594588226203;478.56351600312854;522.0999367671772;513.9026951864848;509.4597657241782
1.75;470.64146062799813;529.6863039250902;516.9071113750897;470.55031368163367;461.82067979444867;481.1453549218458;523.0407526551678;514.9667005660473;510.7499967868427
1.76;474.2450834351915;530.4482152249406;517.9296808293475;473.84554724356457;465.11591335637945;483.68073098484507;523.8827469359062;515.9315497448031;511.9390930765237
1.77;477.86221386378577;531.1136541165347;518.8342274032522;477.1260049577977;468.3963710706127;486.1680559004936;524.62951110925;516.8017857126199;513.0323975283393
1.78;481.4876312769654;531.6856548673305;519.6282650019255;480.38689428914495;471.65726040195995;488.60635795941613;525.2851107741594;517.5825102380201;514.0359549826188
1.79;485.11631971567414;532.1676943598704;520.3204358719385;483.6240386121849;474.8944047249999;490.9953669423474;525.8541124669114;518.2793923483666;514.9565069829067
1.8;488.7435765068602;532.5637325093821;520.9204730724881;486.8339947916601;478.1043609044751;493.33558586880474;526.3416033277421;518.898670038112;515.8014821687283
1.81;492.365112262691;532.8782454004179;521.43914472415;490.0141477462185;481.2845138590335;495.62834358969627;526.7532022305162;519.4471436583295;516.5789796191539
1.82;495.97713519990674;533.1162499549748;521.8881787095248;493.16277507865664;484.43314119147163;497.8758227245964;527.095061325594;519.9321594916213;517.2977419997483
1.83;499.57641328646724;533.2833194529564;522.2801665403568;496.2790763217667;487.5494424345817;500.0810585709006;527.373857446211;520.3615823327111;517.9671153202625
1.84;503.1603090931799;533.3855898394471;522.6284454779388;499.3631635023485;490.6335296151635;502.24790635036896;527.5967734889388;520.7437565045828;518.596992625548
1.85;506.72678431139326;533.4297573912559;522.9469587778948;502.41601241536915;493.68637852818415;504.38097639604916;527.7714706289369;521.0874556051787;519.1977400216889
1.86;510.2743734834598;533.423068871647;523.250095119367;505.43937696953054;496.70974308234554;506.48553940540603;527.9060529571199;521.4018222887652;519.7801049715712
1.87;513.8021292596019;533.3733056652136;523.5525097623438;508.4356718772672;499.7060379900822;508.567406394383;528.009026688849;521.6963003648402;520.3551085590794
1.88;517.3095440611606;533.2887634630624;523.8689315547415;511.40783144374967;502.67819755656467;510.63279013681273;528.089256355654;521.9805622419841;520.9339251259909
1.89;520.7964550232659;533.1782288184721;524.2139613299207;514.3591539160092;505.6295200288242;512.688156332266;528.1559202572787;522.2644350696476;521.5277540231882
1.9;524.2629402218442;533.0509533395006;524.601868246828;517.2931415360756;508.5635076488906;514.7400732631037;528.2184669008311;522.5578287247955;522.147688935523
1.91;527.7092143191278;532.916625524703;525.0463910437066;520.2133460048791;511.48371211769404;516.7950681705587;528.2865732610748;522.8706680520892;522.8045902018956
1.92;531.1355309240255;532.7853394356495;525.5605509259873;523.12322759199;514.3935937048051;518.859497070735;528.370104623661;523.2128306209164;523.5089647774054
1.93;534.5420973613457;532.6675587148696;526.1564819395672;526.0260338774025;517.2963999902174;520.9394324914433;528.4790747411058;523.5940899392807;524.2708571454908
1.94;537.929005497864;532.5740740628371;526.8452833537311;528.9247014667012;520.1950675795161;523.0405710209883;528.6236042652492;524.0240628443815;525.0997528724716
1.95;541.2961801493395;532.515952288879;527.636897023922;531.8217814086859;523.0921475215008;525.1681600613997;528.8138750955337;524.5121589361067;526.0044949385342
1.96;544.6433447229198;532.5044754720163;528.5400111666033;534.7193868551324;525.9897529679473;527.326941183294;529.0600784808677;525.0675296124733;526.9932117783543
1.97;547.9700023694663;532.5510695441194;529.5619906587187;537.6191600139834;528.8895261267984;529.521106289305;529.3723554007354;525.699014558456;528.0732553204637
1.98;551.2754301359038;532.6672226024587;530.7088329976551;540.5222547809609;531.7926208937758;531.7542625443281;529.7607287905543;526.4150843498766;529.2511472872932
1.99;554.5586833952453;532.8643942944882;531.9851484601312;543.429331546907;534.699697659722;534.0294026776991;530.235028359956;527.2237789727021;530.5325325285629
2.0;557.8186080678925;533.1539185162277;533.3941627389088;546.3405613886315;537.6109275014463;536.3488785979695;530.8048098548836;528.1326432806893;531.9221390255702
2.01;561.0538586538274;533.5469022839912;534.9377403239163;549.2556378946892;540.5260040075042;538.7143779689626;531.4792714412238;529.1486614820365;533.4237451895572
2.02;564.2629206865614;534.0541238954511;536.6164270207761;552.1737959675278;543.4441620803427;541.1269051185817;532.2671703153309;530.2781934775704;535.0401559590069
2.03;567.4441367438899;534.6859333793607;538.4295101653807;555.0938378294107;546.3642039422257;543.5867690580498;533.1767426394549;531.5269161764544;536.7731898078173
2.04;570.5957355115524;535.4521577985503;540.3750952235531;558.0141669702552;549.2845330830702;546.0935822292457;534.2156295062751;532.8997727912923;538.6236790156174
2.05;573.7158635601436;536.3620133207403;542.4501975149457;560.9328308401965;552.2031969530115;548.6462737376178;535.3908109679121;534.4009326395404;540.5914854073643
2.06;576.8026194834591;537.4240252319911;544.6508477510093;563.8475727366088;555.1179388494238;551.2431202596292;536.7085493644387;536.0337632737269;542.6755332865116
2.07;579.8540899144223;538.6459563615665;546.9722099276062;566.7558926716981;558.0262587845132;553.8817966421958;538.174342398428;537.8008159611127;544.8738605447984
2.08;582.8683867540154;540.0347438148962;549.408709875107;569.6551161863899;560.9254822992048;556.559446627019;539.7928857428375;539.703824748353;547.1836880242205
2.09;585.8436847855152;541.5964435374499;551.9541724619634;572.542469262738;563.812835375553;559.2727723706736;541.5680445149852;541.7437186580712;549.6015062207583
2.1;588.7782587481013;543.3361820808161;554.6019650974363;575.4151568213014;566.6855229341163;562.0181397321761;543.5028327282403;543.9206460124402;552.1231774309341
2.11;591.670518932406;545.2581150004058;557.3451448170889;578.2704418667996;569.5408079796147;564.7916948725934;545.5993998316292;546.2340094706764;554.7440505155319
2.12;594.5190444326475;547.3653915407366;560.1766058977804;581.1057222041479;572.3760883169629;567.5894867075539;547.8590236200856;548.6825100874363;557.4590846461863
2.13;597.3226133236778;549.6601255999802;563.0892246773543;583.9186017743572;575.1889678871721;570.4075892539405;550.2821090796538;551.2641985230623;560.2629777619351
2.14;600.0802291947283;552.1433733437577;566.075998087504;586.7069540032545;577.9773201160694;573.2422179262843;552.8681930514484;553.9765314419525;563.150295042643
2.15;602.7911436324448;554.8151181939826;569.1301723808604;589.4689750423489;580.7393411551639;576.0898343164251;555.6159548891409;556.8164311082793;566.1155925465165
2.16;605.4548743787446;557.6742641954736;572.2453586702134;592.2032253357484;583.4735914485633;578.9472348406917;558.5232334939155;559.7803462257905;569.1535312899923
2.17;608.0712189807443;560.7186389180565;575.415632211489;594.9086585086334;586.1790246214484;581.8116197509471;561.5870512035;562.8643121759028;572.2589774819497
2.18;610.6402638006817;563.9450070584645;578.635612851126;597.5846371025441;588.8550032153591;584.6806402671464;564.8036449744953;566.0640089943672;575.4270853483104
2.19;613.1623882757674;567.3490957559808;581.9005247071444;600.2309351656934;591.5013012785084;587.5524228999026;568.1685051372297;569.3748156969489;578.6533599586633
2.2;615.6382643322564;570.925632337779;585.2062339324226;602.8477281471893;594.1180942600042;590.4255713113059;571.6764217451055;572.7918599155056;581.9336986283556
2.21;618.0688508894532;574.66839479001;588.5492642776484;605.4355709576616;596.7059370704767;593.2991472490621;575.3215382240708;576.3100622216372;585.2644107306108
2.22;620.4553834606642;578.5702747476746;591.9267910791266;607.9953654609285;599.2657315737436;596.1726331351749;579.0974116963575;579.924174966626;588.6422170127237
2.23;622.7993589848231;582.6233522575474;595.3366151845962;610.5283190582935;601.7986851711086;599.0458797559033;582.9970790482896;583.6288159138375;592.0642306633018
2.24;625.1025162084438;586.8189810438938;598.7771191359316;613.0358964092335;604.3062625220484;601.9190431474647;587.013127568521;587.4184973377734;595.5279233260785
2.25;627.3668121721292;591.1478825429825;602.2472085895662;615.5197666718764;606.7901327846914;604.7925151663432;591.1377688208461;591.2876515685476;599.031079920185
2.26;629.5943956139422;595.6002466067953;605.7462424198341;617.981748901066;609.252115013881;607.6668523431626;595.3629143396298;595.2306541360255;602.5717464544275
2.27;631.7875783466151;600.165836532958;609.2739551781863;620.423758361082;611.6941244738971;610.5427074253349;599.6802517365447;599.2418456928068;606.1481749951541
2.28;633.9488058539279;604.8340959656836;612.8303755552377;622.8477564486095;614.1181225614245;613.4207675163548;604.0813198649907;603.3155537661689;609.7587695811005
2.29;636.0806284426959;609.594255226031;616.4157442219979;625.2557066502706;616.5260727630855;616.3017019460461;608.5575817791042;607.4461151214339;613.4020362258786
2.3;638.1856742506187;614.4354347523876;620.030433948014;627.6495384759223;618.9199045887374;619.1861220142829;613.1004943251414;611.6278991455604;617.076539289554
2.31;640.2666252352866;619.346743540634;623.6748742678285;630.0311206446768;621.3014867574917;622.0745536273115;617.7015732986705;615.8553322257209;620.7808655336155
2.32;642.3261969676083;624.3173707433297;627.3494822693704;632.4022440176436;623.6726101304587;624.9674226977594;622.352453185985;620.1229226562644;624.5135962038416
2.33;644.367122658518;629.3366688967128;631.0546003897546;634.7646139558781;626.0349800686931;627.8650521208717;627.0449405876618;624.4252852129135;628.2732866124811
2.34;646.392141413571;634.3942275770767;634.790441499452;637.1198510300129;628.390217142828;630.7676682759615;631.7710605099643;628.7571642339833;632.058451996996
2.35;648.4039902967469;639.4799366337913;638.5570410910433;639.4694984090648;630.7398645218798;633.6754144148729;636.5230948240866;633.1134538826034;635.8675579735578
2.36;650.4053994500449;644.5840384990233;642.354216094763;641.8150338770912;633.0853999899061;636.5883680339687;641.2936123515705;637.4892142536935;639.6990137047563
2.37;652.3990893026328;649.6971694299285;646.1815297228613;644.157884301263;635.4282504140781;639.5065593864017;646.0754902484042;641.8796821392558;643.5511659559265
2.38;654.3877688338456;654.8103898923433;650.038261775931;646.4994404987597;637.7698066115746;642.4299886400627;650.8619266324904;646.2802755613964;647.4222924877251
2.39;656.3741339249508;659.9152046367345;653.9233839849031;648.8410707825213;640.1114368953363;645.3586397531492;655.6464447198597;650.6865915936908;651.3105936668002
2.4;658.3608650197189;665.0035733337768;657.8355401603103;651.1841319409142;642.4544980537291;648.2924898325587;660.4228890834462;655.094397474412;655.2141817012681
2.41;660.3506235723518;670.0679129110218;661.7730311229875;653.5299769443222;644.8003430571373;651.2315134630244;665.1854149949421;659.499615518512;659.131067450117
2.42;662.3460470456221;675.1010929447917;665.7338045531411;655.8799591942003;647.1503253070152;654.1756821582308;669.9284721212919;663.8983028066065;663.0591452492321
2.43;664.3497424872141;680.0964255955431;669.7154499874205;658.2354335719835;649.5057996847985;657.1249596200564;674.6467840895938;668.2866270211867;666.9961765896621
2.44;666.3642789233124;685.0476516185169;673.7151992031236;660.597754862689;651.868120975504;660.0792938563721;679.3353255802391;672.6608400760649;670.9397737437286
2.45;668.3921789447536;689.9489239304365;677.7299321583059;662.9682743019089;654.2386404147239;663.0386073878852;683.9892986407183;677.0172513222373;674.8873845503226
2.46;670.4359099170409;694.7947900725965;681.7561885228802;665.3483350294333;656.6187011422483;666.002786782584;688.6041098268598;681.3522021055564;678.8362795503302
2.47;672.4978752288836;699.5801746953438;685.7901846634668;667.7392671505105;659.0096332633256;668.9716726240791;693.1753495825358;685.6620433078872;682.7835425296513
2.48;674.5804059216089;704.3003629206753;689.8278357610762;670.1423829408808;661.4127490536957;671.9450507907101;697.6987749829179;689.9431172457248;686.7260653130123
2.49;676.6857529353879;708.9509851450756;693.8647825706519;672.5589725224816;663.8293386352965;674.9226456419821;702.1702966187343;694.1917449595527;690.6605473920597
2.5;678.8160800894887;713.5280035517115;697.896422194221;674.9903001193105;666.2606662321256;677.9041154203089;706.585970023013;698.4042195390125;694.5835006990386
2.51;680.9734578013596;718.0277003353935;701.9179421464464;677.437600806846;668.707966919661;680.8890499131134;710.9419916715091;702.576805729027;698.4912595795506
2.52;683.1598574566583;722.4466674259638;705.924356946644;679.9020775140915;671.1724436269064;683.8769702060333;715.234699254158;706.705745682701;702.3799957931094
2.53;685.3771462769537;726.7817973396832;709.9105464723641;682.3848979356262;673.6552640484412;686.8673302040604;719.4605756419977;710.7872703945213;706.2457381888471
2.54;687.6270824958946;731.0302746996604;713.8712953495447;684.8871909644395;676.1575570772544;689.8595195059811;723.6162557783066;714.8176160810004;710.0843965688857
2.55;689.9113106461091;735.189567943854;717.8013327238034;687.4100422607136;678.6804083735284;692.8528671833085;727.698535611557;718.7930445864846;713.891789161392
2.56;692.23135677311;739.2574207748887;721.6953718468033;689.9544886187192;681.2248547315342;695.8466460281712;731.7043821599048;722.7098667828344;717.6636730735864
2.57;694.588623422907;743.2318429876844;725.5481490116231;692.5215108730908;683.7918769859059;698.840076883476;735.6309438438132;726.56446789998;721.3957770749146
2.58;696.9843842905927;747.1111004240922;729.3544614739276;695.1120251860291;686.382391298844;701.8323327410567;739.475560331117;730.3533337615394;725.0838360649917
2.59;699.4197784624408;750.893703933363;733.109204095484;697.7268726684872;688.9972387813021;704.8225423788449;743.2357712902376;734.0730769936287;728.7236266034224
2.6;701.8958042298805;754.5783973494571;736.8074045388946;700.3668074027921;691.6371735156072;707.8097933978662;746.9093236241174;737.720462411219;732.3110029139842
2.61;704.4133124974109;758.1641446194158;740.4442569243232;703.0324830450593;694.3028491578743;710.7931346079761;750.4941769423016;741.2924309496183;735.8419328199302
2.62;706.9729998467626;761.6501163226246;744.0151539284481;705.7244382886362;696.9948044014511;713.7715777937187;753.9885072062044;744.7861216838858;739.3125331172372
2.63;709.5754013561642;765.0356759033309;747.5157173613404;708.4430815616146;699.7134476744295;716.7440989662243;757.3907086408212;748.1988916526211;742.7191039459675
2.64;712.2208833068969;768.3203659956022;750.9418272972504;711.1886754102626;702.4590415230775;719.7096392723957;760.6993941364435;751.5283333630745;746.0581617743651
2.65;714.9096359402511;771.5038952508118;754.2896498593879;713.9613210847689;705.2316871975838;722.6671057880953;763.9133944612528;754.7722899929727;749.3264706638266
2.66;717.641666457362;774.5861260842969;757.5556637660551;716.7609438930159;708.0313100058308;725.6153724669826;767.031756668217;757.92886841475;752.5210715336666
2.67;720.4167924827573;777.5670637428077;760.7366857356712;719.5872799212435;710.8576460340585;728.5532815502839;770.0537421082864;760.9964502467255;755.6393091910724
2.68;723.2346362398503;780.446847061096;763.829894821762;722.4398647363118;713.7102308491269;731.479645763934;772.9788244593144;763.9737011825283;758.6788569327456
2.69;726.0946197124725;783.2257412280221;766.832855707071;725.3180246814619;716.5883907942768;734.393251636761;775.8066881505774;766.8595788663495;761.637738559943
2.7;728.9959610895227;785.9041328232195;769.7435409307773;728.2208713543786;719.4912374671935;737.2928642650834;778.5372275111581;769.6533395708357;764.5143476781637
2.71;731.9376728078702;788.4825273177056;772.5603519574496;731.147299811309;722.417665924124;740.1772338236826;781.1705469020382;772.3545439013728;767.3074641774112
2.72;734.9185615190296;790.9615491584767;775.2821389248373;734.0959909723513;725.3663570851662;743.0451040794493;783.706962011715;774.9630617007479;770.0162678101414
2.73;737.9372303045528;793.3419444803652;777.9082188345153;737.0654186096006;728.3357847224155;745.8952231014805;786.1470024084989;777.4790762676411;772.6403488032703
2.74;740.9920834499801;795.6245864102839;780.438391879774;740.0538611811642;731.3242272939792;748.7263562804064;788.49141535395;779.903087936989;775.1797154595092
2.75;744.0813340540165;797.8104828513277;782.872955543973;743.0594186307562;734.3297847435712;751.5373016716377;790.7411707954178;782.2359170054475;777.6347987229327
2.76;747.2030146952324;799.9007865589381;785.2127160543992;746.0800341068275;737.3504002196426;754.3269075647206;792.8974673751673;784.4787059258077;780.0064537045383
2.77;750.3549913008912;801.8968072504715;787.4589967452375;749.1135203709431;740.3838864837581;757.0940920579066;794.9617392225292;786.632920644212;782.2959581852973
2.78;753.5349802607801;803.80002542522;789.6136428711131;752.1575904684106;743.4279565812257;759.8378642885233;796.9356632369696;788.7003509163757;784.5050081356546
2.79;756.7405687045058;805.612107516507;791.6790224210239;755.2098920331542;746.4802581459693;762.5573468419404;798.8211665264719;790.6831094157026;786.6357103099589
2.8;759.9692377173673;807.3349219533039;793.6580225111737;758.2680444036225;749.5384105164374;765.2517987419773;800.6204336392447;792.5836294381342;788.690571989989
2.81;763.2183881140888;808.9705556780839;795.5540409828844;761.329677548836;752.600043661651;767.9206383212401;802.335913218854;794.404661015844;790.6724879621097
2.82;766.4853682305385;810.5213306521503;797.3709728962025;764.3924716561137;755.6628377689286;770.5634651891031;803.9703237239211;796.1492652737081;792.5847248169985
2.83;769.767503042476;811.9898198805714;799.113191688483;767.4541961271422;758.7245622399571;773.1800804656295;805.5266578830136;797.8208068973441;794.4309026600664
2.84;773.0621237903441;813.3788625061392;800.785524857699;770.5127466782906;761.7831127911055;775.7705044385829;807.0081856014864;799.4229446273579;796.2149743168582
2.85;776.3665971934047;814.6915775542554;802.3932241305976;773.5661792533685;764.8365453661835;778.3349908331186;808.4184550967298;800.9596197485984;797.9412021145182
2.86;779.6783532872756;815.9313759556253;803.9419301848797;776.6127395376276;767.8831056504425;780.8740369626687;809.7612921070994;802.4350426025052;799.614132322342
2.87;782.9949109254744;817.1019705270542;805.4376321116363;779.6508870111454;770.9212531239605;783.3883891546261;811.0407970921041;803.8536772112769;801.2385673460739
2.88;786.3139000529111;818.2073836472847;806.8866219287008;782.6793126926359;773.949678805451;785.87904301151;812.2613404107135;805.2202241602729;802.8195357955389
2.89;789.6330799868246;819.2519524188949;808.2954445861685;785.6969499902267;776.9673161030416;788.3472382689665;813.4275555241138;806.5396019350035;804.3622605849274
2.9;792.9503531216869;820.2403311531418;809.6708440394953;788.7029783774702;779.9733444902853;790.794448233779;814.5443303125043;807.816926946317;805.8721252783445
2.91;796.2637736965042;821.1774910477006;811.0197060988436;791.696819930221;782.9671860430359;793.222364012281;815.6167966175364;809.0574924973065;807.3546389556894
2.92;799.5715515083087;822.0687169447937;812.3489988890644;794.6781290700957;785.9484951829107;795.6328739545452;816.6503181198907;810.2667469443757;808.8153999384742
2.93;802.8720507042709;822.9196010591887;813.6657118645115;797.646776140211;788.917142253026;798.0280389248844;817.6504766353866;811.4502712810084;810.260058772984
2.94;806.1637840162417;823.736033554866;814.9767944075494;800.6028256686433;791.8731917814583;800.410064149365;818.6230568664688;812.6137563268338;811.6942809103213
2.95;809.4454029975211;824.5241898315785;816.2890950903649;803.5465103398014;794.8168764526164;802.7812684756321;819.574029585857;813.7629796405298;813.1237095420953
2.96;812.7156849688135;825.2905143659881;817.6093026898443;806.4782017859914;797.7485678988064;805.1440519053318;820.5095331653051;814.9037822001098;814.5539290429276
2.97;815.9735174715747;826.0417009455214;818.9438900115083;809.3983793314776;800.6687454442924;807.5008622281055;821.4358533061703;816.0420448180648;815.990429437085
2.98;819.2178810620608;826.7846691450233;820.299061501853;812.30759777777;803.5779638905849;809.8541615091063;822.3594007911671;817.183664193099;817.4385722516655
2.99;822.4478312643956;827.5265369332075;821.6807055143688;815.206455226607;806.476821339422;812.2063930755521;823.2866870678516;818.3345284560319;818.9035580520055
3.0;825.6624804465825;828.2745893609912;823.094351952274;818.0955618149034;809.3659279277183;814.5599495314973;824.2242975000751;819.5004920540222;820.390395887749
3.01;828.8609803026388;829.0362433761148;824.5451358522474;820.9755101033024;812.2458762161174;816.9171422233223;825.1788621852485;820.6873498399709;821.9038748218179
3.02;832.0425055298944;829.8190089228601;826.0377673104374;823.8468477339195;815.1172138467346;819.2801724975875;826.1570243289826;821.9008102930999;823.4485376785127
3.03;835.2062391937033;830.6304466134226;827.5765079957542;826.7100528653507;817.9804189781656;821.651105048033;827.165406286005;823.1464678872366;825.0286571362304
3.04;838.3513601795003;831.4781223874485;829.1651543541508;829.565512809375;820.8358789221901;824.0318436419516;828.2105735051988;824.4297747354303;826.6482143046296
3.05;841.4770330473491;832.3695596965844;830.8070274857776;832.4135062324385;823.6838723452536;826.4241095421482;829.2989967434786;825.7560117599571;828.3108799601015
3.06;844.5824005263552;833.3121898507897;832.5049695752665;835.2541892385943;826.5245553514094;828.8294229864731;830.4370130247454;827.1302597510476;830.019998657454
3.07;847.6665788126023;834.3133012343452;834.2613466712578;838.0875856080002;829.3579517208151;831.2490881350489;831.6307859054058;828.5573707721115;831.7785759776139
3.08;850.7286557608422;835.379988137266;836.0780575397431;840.9135814141844;832.1839475269994;833.6841819267528;832.8862656597555;830.0419404329898;833.5892691983315
3.09;853.7676919838381;836.5190999514625;837.9565482509228;843.7319241736292;835.0022902864441;836.1355472839253;834.2091500143473;831.5882815791331;835.4543816764535
3.1;856.7827247926831;837.73719145358;839.897832095532;846.5422265861625;837.8125926989776;838.603791054767;835.6048460421441;833.2003999316669;837.3758611987214
3.11;859.7727748275166;839.0404748440133;841.9025143598104;849.3439748028604;840.6143409156754;841.0892869802504;837.0784337805583;834.8819721636645;839.3553024900499
3.12;862.7368551440562;840.434774142068;843.9708214164613;852.136541013777;843.406907126592;843.5921838178551;838.6346320705679;836.6363268179956;841.3939539651911
3.13;865.6739824420516;841.9254824591079;846.1026335124575;854.9191999898499;846.1895661026648;846.1124185567149;840.2777670363308;838.4664283706862;843.4927286772886
3.14;868.5831900526454;843.517522592671;848.2975205561129;857.6911490540393;848.9615151668543;848.6497344325908;842.0117435450046;840.3748646307849;845.6522192641509
3.15;871.4635422477298;845.215311311274;850.5547801300662;860.4515308098048;851.7218969226197;851.2037032153725;843.840019912238;842.3638375530549;847.872716531579
3.16;874.3141493995424;847.0227276361126;852.8734768896685;863.1994578333513;854.4698239461662;853.7737510172261;845.7655860550678;844.4351574319784;850.1542311552857
3.17;877.1341835047949;848.9430853738874;855.252482454185;865.934038450266;857.2044045630811;856.3591866760255;847.790945243149;846.5902403512952;852.4965178413032
3.18;879.9228935944598;850.9791101141396;857.6905148675692;868.6544026741944;859.9247687870095;858.959231623486;849.9180995611822;848.8301086871556;854.8991011706346
3.19;882.6796205758853;853.1329208724729;860.1861767017734;871.359727387954;862.630093500769;861.5730500631284;852.1485391678294;851.1553944073734;857.3613022765716
3.2;885.4038110948208;855.4060165344592;862.7379909026762;874.0492598948883;865.3196260077034;864.1997782670588;854.4832354156352;853.5663448747127;859.882265469275
3.21;888.0950300570771;857.7992672298095;865.34443353887;876.7223390558667;867.9927051686816;866.8385518539861;856.922637878213;856.0628308476162;862.4609839354599
3.22;890.7529715088306;860.3129107386122;868.0039627068386;879.3784133483362;870.6487794611511;869.4885300298507;859.4666753110719;858.6443563750712;865.0963237015569
3.23;893.3774676373246;862.9465539977767;870.7150429702808;882.017055330023;873.287421442838;872.1489159480719;862.1147605476306;861.3100703005313;867.7870451534276
3.24;895.9684957172077;865.6991797339709;873.4761648622718;884.6379721525999;875.908338265415;874.8189725662436;864.8657993000998;864.0587791195505;870.5318215482963
3.25;898.5261828901666;868.5691581982743;876.285859150431;887.2410119415057;878.5113780543206;877.4980336250984;867.7182027954076;866.8889609735203;873.329254126065
3.26;901.0508087259857;871.5542639177658;879.1427057496352;889.8261660293249;881.0965321421398;880.1855096374476;870.6699041299926;869.7987806040296;876.1778836165262
3.27;903.542805571399;874.6516973118125;882.045337355392;892.3935671947567;883.6639333075716;882.8808890331715;873.7183781760729;872.786105135398;879.0761981338816
3.28;906.0027567490791;877.8581109483995;884.9924380545273;894.9434842109827;886.2138503237977;885.5837348456446;876.8606648186758;875.8485205935377;882.0226376377422
3.29;908.4313927226295;881.1696401415518;887.9827373392893;897.4763131405869;888.7466792534018;888.2936775314419;880.0933952503044;878.9833491044235;885.0155953083861
3.3;910.8295853939233;884.5819375181617;891.0150000978549;899.992565924058;891.2629320368729;891.0104046775033;883.4128210015317;882.1876667423677;888.0534163229987
3.31;913.1983407452921;888.0902111146482;894.0880132714562;902.4928568908936;893.7632230037086;893.7336484599301;886.8148453433297;885.4583220148143;891.1343946207678
3.32;915.5387900790511;891.6892655037944;897.2005699505711;904.9778878728051;896.2482539856201;896.4631717716113;890.2950566621345;888.7919549749051;894.2567683029004
3.33;917.8521801383171;895.3735454021567;900.3514517267216;907.4484326150622;898.7187987278771;899.1987539311453;893.8487633821975;892.1850169449218;897.4187143270332
3.34;920.1398624135676;899.1371811702819;903.5394101217182;909.9053211637375;901.1756872765525;901.9401768261185;897.4710299916608;895.633790813124;900.6183431257379
3.35;922.4032819467682;902.9740355925538;906.7631478844993;912.3494248546396;903.6197909674545;904.6872122365587;901.1567137185274;899.134411834882;903.853693710679
3.36;924.6439659377356;906.8777513112476;910.0213008812414;914.7816424473974;906.0520085602124;907.4396109392986;904.9005013996353;902.6828888288522;907.1227297250344
3.37;926.8635124354369;910.8417982903062;913.3124212132929;917.2028878410694;908.4732539538843;910.1970940234894;908.6969460894038;906.2751256138671;910.4233367866059
3.38;929.0635793612175;914.8595206982402;916.6349620873401;919.6140796833333;910.8844457961483;912.9593466654086;912.5405029654423;909.9069424866317;913.7533213333509
3.39;931.2458740639482;918.9241826260923;919.9872648413939;922.0161330526923;913.2864991655074;915.7260144309788;916.4255641055362;913.5740974991797;917.1104110527946
3.4;933.412143552378;923.0290120952295;923.36754840708;924.4099532616516;915.6803193744666;918.4967020099863;920.3464917359162;917.272307263309;920.4922568570686
3.41;935.5641654919791;927.1672428603677;926.7739013710117;926.7964317075525;918.0667978203675;921.2709741475919;924.2976495852045;920.9972669913603;923.8964362647399
3.42;937.7037399968734;931.3321535750266;930.2042766920973;929.1764435944082;920.4468097072232;924.0483584340435;928.273432022956;924.7446694821973;927.320457975364
3.43;939.8326821963251;935.5171039584739;933.6564890421197;931.5508472692985;922.8212133821135;926.8283495465973;932.2682907167565;928.5102227800081;930.7617673763749
3.44;941.9528155132226;939.7155676834803;937.1282146664286;933.920484863683;925.1908509764979;929.6104145089031;936.2767586069801;932.2896662717781;934.2177527051609
3.45;944.0659655611802;943.921161790565;940.616993610803;936.286183903706;927.5565500165209;932.3939985394359;940.2934710720166;936.0787850451496;937.6857515999054
3.46;946.1739545482111;948.1276725237675;944.1202341282913;938.6487595520159;929.9191256648309;935.1785310961608;944.3131842363546;939.8734223982908;941.1630578066727
3.47;948.2785960678973;952.3290775717892;947.6352190636903;941.0090171626473;932.2793832754621;937.9634317818201;948.3307904555666;943.6694904722433;944.6469278612342
3.48;950.3816901620075;956.5195647826067;951.1591140098433;943.3677548647308;934.6381209775459;940.7481158445225;952.3413310915116;947.462979057932;948.1345876253844
3.49;952.4850185493086;960.6935474955121;954.6889770354165;945.7257659343561;936.9961320471709;943.5319990834117;956.3400067631875;951.2499627082269;951.6232386219151
3.5;954.5903399312119;964.8456766984797;958.2217697946284;948.0838407612597;939.3542068740747;946.3145020417601;960.3221853191461;955.0266063541178;955.1100641735914
3.51;956.6993853033729;968.9708502681564;961.7543698424284;950.4427682635322;941.713134376347;949.0950534342585;964.2834078225587;958.7891696781871;958.5922354041148
3.52;958.8138532212041;973.0642195830344;965.283583991495;952.8033366457918;944.0737027586068;951.8730928078215;968.2193928674513;962.5340105345371;962.0669171994423
3.53;960.9354049848986;977.1211938172422;968.8061625585912;955.166333432377;946.4366995451921;954.6480724742124;972.1260395533566;966.2575877203578;965.5312742538681
3.54;963.0656597249958;981.1374422238143;972.3188143565756;957.5325447363372;948.8029108491521;957.4194587782625;975.999429436326;969.9564634003797;968.982477336518
3.55;965.2061893824076;985.1088947044373;975.8182222946314;959.902753747886;951.1731198607009;960.1867327788702;979.8358277489846;973.6273054632192;972.4177099112414
3.56;967.3585135872288;989.0317409404247;979.3010594535065;962.2777384436833;953.5481045564983;962.9493904237354;983.6316841444207;977.266890051168;975.8341752282586
3.57;969.5240944489962;992.9024283305328;982.7640055054444;964.6582685324519;955.9286346452667;965.7069422956952;987.3836331722043;980.8721044562527;979.2291039819261
3.58;971.7043312778802;996.7176589487042;986.2037633508646;967.045101664659;958.3154677774738;968.4589130014964;991.0884946441683;984.4399505199543;982.5997625985211
3.59;973.9005552621126;1000.4743857022461;989.6170758464534;969.4389789457563;960.7093450585711;971.2048402653578;994.743273996976;987.967548616294;985.9434621838523
3.6;976.1140241322562;1004.1698078410114;993.0007425027917;971.8406198048044;963.1109859176196;973.9442737818312;998.3451627117249;991.452142242249;989.2575681254423
3.61;978.345916847991;1007.8013659428713;996.3516360343483;974.2507162838612;965.5210823966761;976.676773876617;1001.8915388108254;994.8911031891197;992.5395103101617
3.62;980.5973283480804;1011.3667364813126;999.6667186508029;976.6699268283518;967.9402929411667;979.4019100209697;1005.3799674210942;998.2819372261454;995.7867938872942
3.63;982.8692644091254;1014.8638260676772;1002.9430579861933;979.0988696745702;970.3692357873854;982.1192592453068;1008.8082013703963;1001.6222901949812;998.9970104802924
3.64;985.1626366635173;1018.2907654530421;1006.1778425710894;981.5381159468222;972.8084820596373;984.8284045003954;1012.1741817731698;1004.9099543913209;1002.1678497287487
3.65;987.4782578315389;1021.6459033720716;1009.3683967625452;983.9881825927913;975.2585487056064;987.5289330194613;1015.4760385569895;1008.1428750977814;1005.2971110257176
3.66;989.8168372266896;1024.9278003120585;1012.5121950564878;986.4495253005562;977.7198914133711;990.2204347409009;1018.7120908864295;1011.3191571293007;1008.3827153045297
3.67;992.1789765968667;1028.135222293318;1015.60687571701;988.9225315534368;980.1928976662517;992.9025008581272;1021.8808474500737;1014.4370712573066;1011.4227167234242
3.68;994.5651663669006;1031.2671347506498;1018.6502536661656;991.4075139886462;982.6778801014611;995.5747225694525;1024.9810065894883;1017.495060390053;1014.4153140952557
3.69;996.9757823500007;1034.3226966083132;1021.640332585896;993.9047042318589;985.1750703446738;998.2366901059772;1028.011456263348;1020.4917454019125;1017.3588619126684
3.7;999.4110829968273;1037.301254641849;1024.575316190167;996.4142473816723;987.6846134944874;1000.8879921183699;1030.9712738538553;1023.4259305221556;1020.2518808258218
3.71;1001.8712072510249;1040.2023382181605;1027.4536186299945;998.9361973150992;990.2065634279143;1003.5282155035896;1033.8597258346053;1026.29660821218;1023.0930674393379
3.72;1004.3561730790553;1043.0256545001523;1030.2738739965562;1001.4705129774032;992.7408790902181;1006.1569457494733;1036.6762673279964;1029.102963477791;1025.8813033069518
3.73;1006.8658767398327;1045.7710841935896;1033.0349448880045;1004.0170558066472;995.2874219194621;1008.7737678683867;1039.4205415854733;1031.8443775789053;1028.6156630157332
3.74;1009.4000928558501;1048.4386779018196;1035.735930004026;1006.5755884252765;997.8459545380913;1011.3782679806674;1042.0923794249813;1034.520431112182;1031.2954212661666
3.75;1011.9584753419318;1051.0286531388533;1038.3761707288893;1009.1457747080863;1000.4161408209011;1013.970035594397;1044.6917986570772;1037.13090645222;1033.9200588693016
3.76;1014.5405592402269;1053.5413920335131;1040.9552566591267;1011.7271813083374;1002.9975474211526;1016.5486666103714;1047.2190035245771;1039.6757895439982;1036.4892675971905
3.77;1017.1457635003289;1055.977439737561;1043.4730300266033;1014.3192806920543;1005.5896468048694;1019.1137670603729;1049.674384170975;1042.1552710434448;1039.0029538376086
3.78;1019.7733947312722;1058.3375035295714;1045.9295889621874;1016.9214556952962;1008.1918218081112;1021.6649575635695;1052.0585161409908;1044.569746804787;1041.4612410182554
3.79;1022.4226519374794;1060.6224525846078;1048.325289540177;1019.5330055812369;1010.8033716940519;1024.2018784607803;1054.3721599033263;1046.9198177132596;1043.8644707791348
3.8;1025.0926322335044;1062.8333183581938;1050.6607465397303;1022.1531535341521;1013.4235196469671;1026.7241955603122;1056.6162603719288;1049.2062888604619;1046.21320288436
3.81;1027.7823375127718;1064.9712955123846;1052.9368328574074;1024.7810554870402;1016.0514215998552;1029.2316064030197;1058.791946388689;1051.430168057798;1048.5082138761434
3.82;1030.490682023748;1067.0377432926082;1055.154677505085;1027.4158101398289;1018.6861762526439;1031.7238469292017;1060.9005301182412;1053.5926636816005;1050.7504944840964
3.83;1033.2165007836434;1069.0341872468994;1057.315662130391;1030.056469987322;1021.3268361001371;1034.2006984069408;1062.943506295104;1055.6951818422;1052.9412458121271
3.84;1035.9585587355402;1070.9623211647338;1059.421416002714;1032.7020531416729;1023.9724192544877;1036.6619944615584;1064.9225512552302;1057.7393228687326;1055.0818743331354
3.85;1038.7155605307098;1072.8240091011796;1061.4738094169247;1035.351555704672;1026.6219218174867;1039.1076280299658;1066.8395216784554;1059.7268771020333;1057.173985728419
3.86;1041.486160794937;1074.6212873438064;1063.4749454792554;1038.003964421928;1029.274330534743;1041.5375580526966;1068.6964529654329;1061.6598199896455;1059.2193776142528
3.87;1044.268974717106;1076.3563661747792;1065.4271502551599;1040.658269335345;1031.9286354481603;1043.951815711029;1070.4955571723663;1063.5403064796526;1061.2200312026512
3.88;1047.062588781398;1078.031631278786;1067.3329612772334;1043.313476143206;1034.5838422560212;1046.3505100173584;1072.2392204289242;1065.370664713499;1063.1781019470154
3.89;1049.8655714524261;1079.6496446487508;1069.1951144320687;1045.9686179793969;1037.2389840922117;1048.7338325741596;1073.9299997687924;1067.1533890219584;1065.095909226493
3.9;1052.6764836165264;1081.2131448453251;1071.016529267819;1048.6227663351715;1039.8931324479865;1051.102061330461;1075.570619307872;1068.8911322325225;1066.9759251256344
3.91;1055.493888583127;1082.7250464726508;1072.8002927887671;1051.2750408683069;1042.545406981122;1053.4555631845121;1077.1639657116575;1070.5866973004304;1068.8207623686756
3.92;1058.3163614580642;1084.1884387413481;1074.5496418287707;1053.9246178749518;1045.1949839877668;1055.794795306652;1078.7130829002826;1072.243028278993;1070.6331614706824
3.93;1061.1424977160468;1085.606582999757;1076.2679441214402;1056.570737237935;1047.8411033507498;1058.1203050864463;1080.2211659466443;1073.863200647536;1072.415977171135
3.94;1063.9709208218615;1086.9829091257304;1077.958678210627;1059.2127077103087;1050.4830738231235;1060.432728641863;1081.6915541295364;1075.4504110170826;1074.17216421939
3.95;1066.8002887785424;1088.3210106834863;1079.6254123695157;1061.849910442701;1053.120276555516;1062.7327878643243;1083.127723109647;1077.0079662347748;1075.904762585907
3.96;1069.6292995144995;1089.6246387629476;1081.2717827195422;1064.4818007155786;1055.7521668283935;1065.0212860105175;1084.533276201584;1078.5392719081167;1077.616882178092
3.97;1072.456695058938;1090.8976944326168;1082.901470760758;1067.1079078906603;1058.3782740034753;1067.2991018884647;1085.9119347199312;1080.0478203697237;1079.3116871449874
3.98;1075.2812644941603;1092.1442197514007;1084.5181805423483;1069.7278336473344;1060.9981997601492;1069.567182720242;1087.267527382078;1081.5371781027116;1080.9923798606205
3.99;1078.101845712646;1093.368387300079;1086.1256157151458;1072.3412486180573;1063.6116147308721;1071.8265357957168;1088.6039787556672;1083.0109726466972;1082.662184681427
4.0;1080.9173260444263;1094.5744882095776;1087.7274567165728;1074.9478875796804;1066.2182536924952;1074.0782190598468;1089.9252967445534;1084.4728790051506;1084.32433157858
4.01;1083.72664185453;1095.766918681069;1089.3273383421163;1077.5475433941206;1068.8179095069358;1076.3233307998519;1091.235559114723;1085.9266055770738;1085.9820397511303
4.02;1086.5287772398428;1096.950165012418;1090.9288279559491;1080.140059920856;1071.410426033671;1078.5629986175497;1092.5388990712102;1087.3758796401985;1087.6385013304823
4.03;1089.322761978509;1098.1287871666805;1092.5354045866586;1082.7253241449089;1073.995690257724;1080.7983678863657;1093.8394899090317;1088.8244324194343;1089.2968652908223
4.04;1092.1076689023241;1099.3074009411798;1094.1504391423857;1085.3032577771498;1076.5736238899647;1083.0305899020852;1095.1415287756713;1090.2759837833567;1090.9602216836379
4.05;1094.88261087308;1100.4906588198428;1095.7771759634113;1087.8738085891107;1079.1441747019257;1085.2608099416575;1096.4492195996058;1091.734226623019;1092.6315863173602
4.06;1097.646737547503;1101.6832296165062;1097.4187159097896;1090.4369417424966;1081.7073078553117;1087.4901554455876;1097.7667552583748;1093.2028109809903;1094.3138860053211
4.07;1100.399232112544;1102.8897770420938;1099.0780011576453;1092.9926313647645;1084.2629974775793;1089.7197245369914;1099.0982990800994;1094.6853280136806;1096.0099445064373
4.08;1103.1393081638148;1104.1149373531207;1100.7578018508138;1095.5408526071496;1086.8112187199647;1091.9505750843493;1100.4479657933398;1096.1852938858913;1097.7224692830237
4.09;1105.866206885582;1105.3632962619715;1102.460704725235;1098.0815744009917;1089.3519405138068;1094.1837145054428;1101.819802060687;1097.7061337121452;1099.4540391984885
4.1;1108.579194671674;1106.6393653099137;1104.189103792462;1100.6147531027434;1091.8851192155585;1096.420090496716;1103.2177667505102;1099.2511656736328;1101.2070932738422
4.11;1111.2775613038268;1107.947557921008;1105.9451931363626;1103.1403271882557;1094.4106933010705;1098.6605828551478;1104.6457111177915;1100.823585451471;1102.983920615476
4.12;1113.9606187782247;1109.2921653682579;1107.7309618440067;1105.658213123403;1096.9285792362177;1100.9059965383701;1106.1073590780934;1102.426451125477;1104.7866516169588
4.13;1116.627700843305;1110.6773328920233;1109.5481910583069;1108.1683025015518;1099.4386686143666;1103.1570560830564;1107.606287767775;1104.062668692009;1106.6172505243094
4.14;1119.278163283192;1112.1070362146456;1111.3984531066244;1110.6704604995152;1101.94082661233;1105.4144014715296;1109.145908588159;1105.7349783541208;1108.4775094370698
4.15;1121.9113849523942;1113.5850586943905;1113.2831126267336;1113.1645256634552;1104.43489177627;1107.67858550237;1110.7294489313308;1107.4459417321034;1110.3690437965533
4.16;1124.52676953961;1115.114969356431;1115.2033295797796;1115.6503109957366;1106.9206771085514;1109.9500726832373;1112.3599347807299;1109.1979301325875;1112.2932893882094
4.17;1127.123748012507;1116.7001020290718;1117.160064009719;1118.1276062742554;1109.3979723870705;1112.2292396241085;1114.0401743710543;1110.9931140001179;1114.2515008577107
4.18;1129.701781672029;1118.343535800315;1119.1540823809132;1120.5961814985865;1111.8665476114015;1114.516376868126;1115.772743079707;1112.833453657196;1116.2447517110731
4.19;1132.260365724846;1120.0480769937822;1121.1859653007364;1123.055791323785;1114.3261574366;1116.8116920568477;1117.559969706778;1114.7206914180701;1118.2739357390074
4.2;1134.7990332665213;1121.8162428445887;1123.2561164130418;1125.5061803141534;1116.7765464269685;1119.1153142888174;1119.403924282965;1116.65634513899;1120.3397697760743
4.21;1137.317359556283;1123.6502470355933;1125.3647722318522;1127.9470888268847;1119.2174549396998;1121.4272994968392;1121.3064075256052;1118.641703244287;1122.4427976775464
4.22;1139.814966457056;1125.5519872330383;1127.5120126733834;1130.3782593201656;1121.6486254329807;1123.7476366420212;1123.2689420426589;1120.6778212444442;1124.583395372481
4.23;1142.2915269117054;1127.5230347383388;1129.6977720390614;1132.7994428726595;1124.0698089854743;1126.0762545030082;1125.2927653635604;1122.7655197401882;1126.7617768317216
4.24;1144.7467693280362;1129.5646263499982;1131.9218502029319;1135.2104057015438;1126.4807718143586;1128.4130288280337;1127.3788248547028;1124.90538388631;1128.9780007753782
4.25;1147.1804817506527;1131.6776585064997;1134.1839237640193;1137.6109354743419;1128.8813015871567;1130.7577896161602;1129.52777455622;1127.0977642709508;1131.231977936579
4.26;1149.5925157068475;1133.8626837576514;1136.483556937653;1140.000847225144;1131.2712133379591;1133.110328302421;1131.7399739558628;1129.3427791508834;1133.523478697311
4.27;1151.9827896256993;1136.1199095883424;1138.8202119792938;1142.3799887076605;1133.6503548204753;1135.4704046391223;1134.0154886952466;1131.6403179710142;1135.8521409180432
4.28;1154.351291743899;1138.4491995949954;1141.1932589593014;1144.74824504476;1136.0186111575752;1137.8377530913037;1136.3540931836926;1133.9900460869758;1138.2174777951118
4.29;1156.6980824278974;1140.8500769912746;1143.6019847366204;1147.105542565421;1138.3759086782359;1140.2120885968445;1138.7552750753352;1136.3914106030686;1140.6188855978762
4.3;1159.0232958591337;1143.3217303958825;1146.0456010124194;1149.4518517538768;1140.722217866692;1142.5931115791366;1141.2182415462682;1138.8436472336814;1143.0556511603081
4.31;1161.3271410467883;1145.8630218317364;1148.5232513801227;1151.787189270702;1143.0575553835167;1144.9805121405363;1143.7419272903535;1141.3457880942688;1145.5269590276737
4.32;1163.6099021501461;1148.4724968426558;1151.0340173246923;1154.1116190400885;1145.3819851529033;1147.3739734057986;1146.3250041350857;1143.896670327533;1148.0318981868368
4.33;1165.871938109754;1151.148396611221;1153.576923160075;1156.4252524302512;1147.6956185430663;1149.7731740242305;1148.9658921628186;1146.4949454711914;1150.569468336923
4.34;1168.1136816026242;1153.888671940026;1156.150939928139;1158.7282475834074;1149.9986136962223;1152.1777898754037;1151.662772207905;1149.1390894751057;1153.1385856841396
4.35;1170.3356373513677;1156.6909989385615;1158.7549883139186;1161.0208079770632;1152.2911740898783;1154.587495054216;1154.4135995871613;1151.8274132772337;1155.7380882691243
4.36;1172.538379829934;1159.5527962398571;1161.387940659551;1163.3031803184979;1154.573546431313;1157.0019622355733;1157.2161189097596;1154.5580738494625;1158.3667408561364
4.37;1174.7225504193002;1162.4712435552012;1164.0486221820715;1165.5756518887592;1156.846018001574;1159.4208625361064;1160.0678798034294;1157.3290856256822;1161.02323942992
4.38;1176.8888540746989;1165.4433013622336;1166.7358115176662;1167.8385474608824;1159.1089135736975;1161.843864999703;1162.966253386918;1160.1383322253441;1163.7062153576403
4.39;1179.038055571653;1168.4657315117474;1169.4482407267956;1170.0922259193655;1161.3625920321804;1164.2706358353435;1165.9084493142238;1162.9835783862184;1166.414239279807
4.4;1181.1709754011185;1171.535118532078;1172.1845949007823;1172.3370767044764;1163.6074428172915;1166.7008375303126;1168.8915332142983;1165.8624820203017;1169.1458247957607
4.41;1183.288485384423;1174.6478914071483;1174.943511511295;1174.5735161962862;1165.843882309101;1169.134127950249;1171.9124443508663;1168.7726063070413;1171.899432006662
4.42;1185.39150407662;1177.8003456052852;1177.7235796401942;1176.8019841402017;1168.0723502530166;1171.570159520958;1174.9680133307716;1171.7114317386142;1174.673470972739
4.43;1187.4809920225766;1180.9886651408424;1180.5233392191094;1179.022940199226;1170.293306312041;1174.0085785669041;1178.0549796958433;1174.676368033307;1177.4663051328348
4.44;1189.5579469239497;1184.2089444593926;1183.3412803967835;1181.2368606992893;1172.5072268121044;1176.4490248594025;1181.1700092426615;1177.6647658354955;1180.2762547240636
4.45;1191.6233987676535;1187.4572099496045;1186.1758431385574;1183.4442356139732;1174.7146017267883;1178.8911314052648;1184.3097109266419;1180.6739281247021;1183.101600228736
4.46;1193.678404957944;1190.7294409005895;1189.0254171472573;1185.645565814925;1176.9159319277403;1181.33452448546;1187.4706532213715;1183.7011212619743;1185.940585865608
4.47;1195.7240454854011;1194.0215897420633;1191.8883421791195;1187.8413605952874;1179.1117267081022;1183.7788239344359;1190.6493798208248;1186.7435856095972;1188.791423133778
4.48;1197.7614181573756;1197.3296014256184;1194.7629088129345;1190.0321354564499;1181.3025015692651;1186.223643635029;1193.842424590583;1189.7985456698848;1191.6522944108256
4.49;1199.7916339063313;1200.6494318280934;1197.6473597159452;1192.2184101340738;1183.4887762468888;1188.6685921919723;1197.0463256939893;1192.863219700406;1194.5213566024092
4.5;1201.815812185364;1203.977065081829;1200.5398914366438;1194.400706828068;1185.671072940883;1191.1132737391708;1200.2576388397647;1195.934828776107;1197.3967448386356
4.51;1203.8350764542495;1207.3085297607513;1203.4386567427164;1196.5795485932892;1187.849914706104;1193.5572888321242;1203.4729496183202;1199.0106052829942;1200.2765762129795
4.52;1205.8505497548815;1210.6399138750303;1206.3417675121207;1198.7554578431336;1190.0258239559485;1196.0002353767813;1206.6888849142197;1202.0878008426914;1203.158953561982
4.53;1207.863350371906;1213.9673786498333;1209.2472981765882;1200.9289549167315;1192.1993210295466;1198.441709549257;1209.902123401279;1205.163693681654;1206.0419692879436
4.54;1209.874587572761;1217.2871710847692;1212.1532897096236;1203.1005566617832;1194.3709227745983;1200.8813066664911;1213.1094051440036;1208.2355954724017;1208.9237092317248
4.55;1211.8853574209838;1220.5956353095273;1215.0577541450596;1205.270774988721;1196.5411411015361;1203.3186219754105;1216.3075403439836;1211.3008576861607;1211.8022566079328
4.56;1213.8967386574495;1223.889222767503;1217.9586796072472;1207.440115357375;1198.7104814701897;1205.7532513366912;1219.4934172819428;1214.3568775061945;1214.6756960196076
4.57;1215.9097886458596;1227.164501272642;1220.854035829699;1209.609075164122;1200.879441276937;1208.1847917881573;1222.664009515217;1217.4011033583947;1217.5421175734336
4.58;1217.925539381134;1230.4181629952204;1223.7417801352897;1211.778142005175;1203.0485081179897;1210.6128419816039;1225.816382396275;1220.4310401201044;1220.3996211190963
4.59;1219.9449935621012;1233.6470314398605;1226.6198638477415;1213.9477917997528;1205.2181579125677;1213.0370024949468;1228.9476989806174;1223.444254069499;1223.246320637302
4.6;1221.969120732883;1236.8480674839261;1229.4862391009515;1216.118486765113;1207.3888528779278;1215.4568760287534;1232.0552253921473;1226.4383776362624;1226.0803488000965
4.61;1223.9988535004086;1240.0183745468848;1232.3388660096828;1218.2906732434692;1209.5610393562843;1217.8720675022332;1235.1363357112723;1229.4111140099167;1228.8998617243396
4.62;1226.0350838384936;1243.1552029615887;1235.1757201622008;1220.4647793885786;1211.7351455013936;1220.282184068558;1238.188516446008;1232.360241655441;1231.7030439346954
4.63;1228.0786594917395;1246.255953617198;1237.9948003926008;1222.641212727052;1213.9115788398672;1222.6868350730008;1241.209370639737;1235.2836187771545;1234.4881135464673
4.64;1230.1303804951247;1249.3181809410335;1240.7941367878555;1224.820357616234;1216.090723729049;1225.0856319798895;1244.1966216616058;1238.1791877618314;1237.2533276713095
4.65;1232.1909958274998;1252.3395952834276;1243.5717988821057;1227.0025726266804;1218.2729387394954;1227.4781882959064;1247.148116717342;1241.0449796212433;1239.9969880406984
4.66;1234.2612002192664;1255.3180647660347;1246.3259039884138;1229.1881878828854;1220.4585539957004;1229.8641195179785;1250.0618301100692;1243.879118443317;1242.7174468333412
4.67;1236.3416311362794;1258.2516166503015;1249.0546256161929;1231.3775024008646;1222.6478685136797;1232.243043134011;1252.93586627292;1246.6798258504257;1245.4131126838868
4.68;1238.4328659634798;1261.1384382791493;1251.7562019208265;1233.570781465499;1224.841147578314;1234.6145787041698;1255.7684625882116;1249.4454254534267;1248.0824568416688
4.69;1240.5354194129047;1263.9768776414753;1254.428944130623;1235.768254094087;1227.038620206902;1236.9783480493684;1258.5579920019227;1252.1743472812655;1250.7240194401436
4.7;1242.649741181532;1266.765443605901;1257.07124489522;1237.970110635289;1229.240476748104;1239.3339755721574;1261.30296543727;1254.8651321585705;1253.3364158303812
4.71;1244.7762138848773;1269.5028058672576;1259.6815864988234;1240.176500554461;1231.4468666672758;1241.6810887333452;1264.002034007396;1257.5164359977975;1255.9183429257082
4.72;1246.9151512923277;1272.1877946465133;1262.2585488812574;1242.3875304571852;1233.6578965700003;1244.0193187054144;1266.6539910244444;1260.1270339681826;1258.468585499508
4.73;1249.0667968898379;1274.8194001821207;1264.8008174096321;1244.6032624025001;1235.873628515315;1246.348301221123;1269.2577738004939;1262.6958245010367;1260.986022374362
4.74;1251.2313227947984;1277.3967720479422;1267.3071903435155;1246.8237125558123;1238.0940786686272;1248.6676776325432;1271.812465234784;1265.2218330895953;1263.4696324382276
4.75;1253.4088290465418;1279.9192183298785;1269.776585936769;1249.0488502286732;1240.319216341488;1250.9770961921986;1274.3172951811384;1267.7042158416073;1265.9185004221958
4.76;1255.5993432940459;1282.3862046899565;1272.208049119683;1251.2785973484488;1242.5489634612638;1253.2762135638363;1276.771641589331;1270.1422627438901;1268.3318223744934
4.77;1257.8028208998937;1284.7973533428406;1274.600757705702;1253.512828395394;1244.7831945082091;1255.5646965657763;1279.1750314140893;1272.535400599976;1270.708910766744
4.78;1260.0191454763722;1287.1524419654554;1276.9540280678966;1255.7513708377792;1247.021736950594;1257.842224144638;1281.5271412853563;1274.8831956045244;1273.0491991709682
4.79;1262.2481298657697;1289.4514025556396;1279.2673202314284;1257.9940060875433;1249.2643722003586;1260.1084895716813;1283.8277979332;1277.1853555211849;1275.3522464492496
4.8;1264.4895175724112;1291.6943202505063;1281.540242329656;1260.2404709896261;1251.5108371024414;1262.3632028480113;1286.0769783602689;1279.4417314338555;1277.6177404023124
4.81;1266.742984648767;1293.8814321095372;1283.772554373251;1262.4904598477422;1253.7608259605572;1264.6060932986122;1288.2748097539168;1281.6523190446997;1279.8455008282863
4.82;1269.0081420321435;1296.0131258614813;1285.9641712838736;1264.7436269782024;1256.0139930910175;1266.8369123287134;1290.4215691290633;1283.8172594956893;1282.035481948529
4.83;1271.2845383220597;1298.0899386079868;1288.1151651466312;1266.9995897716474;1258.2699558844624;1269.0554363094964;1292.5176826915367;1285.9368396937973;1284.187774163406
4.84;1273.5716629815286;1300.1125554707176;1290.2257666388248;1269.2579322305642;1260.5282983433792;1271.2614695538152;1294.5637249101587;1288.0114921231943;1286.3026051072407
4.85;1275.8689499382579;1302.0818081626626;1292.2963655964397;1271.518208938568;1262.788575051383;1273.454847336587;1296.5604172842486;1290.0417941308815;1288.380339978131
4.86;1278.175781554405;1303.998673458568;1294.327510684537;1273.779949405964;1265.050315518779;1275.6354389090718;1298.508626791646;1292.0284666751322;1290.4214811248496
4.87;1280.4914929261852;1305.86427153411;1296.319908143202;1276.042662725482;1267.313028838297;1277.8031504515666;1300.4093640009044;1293.9723725288857;1292.4266668795326
4.88;1282.8153764675892;1307.679864138704;1298.2744195870232;1278.305842462663;1269.576208575478;1279.9579279053144;1302.263780830057;1295.8745139328985;1294.3966696312086
4.89;1285.1466867259312;1309.4468525628292;1300.1920588432415;1280.5689716975312;1271.8393378103463;1282.0997596219113;1304.0731679334215;1297.7360296959966;1296.332393141381
4.9;1287.484645371251;1311.1667753575957;1302.073987821667;1282.8315281282648;1274.10189424108;1284.2286787672683;1305.8389516973516;1299.558191742229;1298.2348691088182
4.91;1289.8284462969382;1312.841305762034;1303.9215114181952;1285.0929891438584;1276.3633552566732;1286.344765417521;1307.56269082571;1301.3424011071102;1300.1052529963745
4.92;1292.1772607656428;1314.4722487923216;1305.7360714631586;1287.3528367714841;1278.623202884299;1288.4481482861734;1309.2460724961838;1303.0901833874889;1301.944819138105
4.93;1294.5302425327623;1316.0615379469332;1307.5192397357184;1289.6105624055606;1280.8809285183754;1290.5390060253405;1310.890908069399;1304.803183651896;1303.7549551501058
4.94;1296.8865328797633;1317.611231482483;1309.2727100759137;1291.8656712294817;1283.1360373422967;1292.6175680492206;1312.4991283341142;1306.4831608205427;1305.537155673476
4.95;1299.2452654914032;1319.1235082168594;1310.9982896366503;1294.1176862475254;1285.3880523603405;1294.6841148347883;1314.0727782736008;1308.131981526461;1307.2930154825592
4.96;1301.6055711146123;1320.6006628190685;1312.697889328683;1296.3661518534986;1287.636517966314;1296.7389776631114;1315.6140113406127;1309.751613471643;1309.0242219962229
4.97;1303.9665819423662;1322.0451005489697;1314.3735135222746;1298.6106368739743;1289.8810029867893;1298.782537774421;1317.1250832311084;1311.3441182944425;1310.7325472343919
4.98;1306.3274356731708;1323.459331414781;1316.0272490795412;1300.8507370371874;1292.1211031500022;1300.8152249209404;1318.6083451500833;1312.9116439670036;1312.4198392663902
4.99;1308.6872792056358;1324.8459637217463;1317.661253801236;1303.0860768334019;1294.3564429462167;1302.837515313193;1320.0662365665019;1314.4564167440728;1314.0880132018758
5.0;1311.045271937712;1326.2076969916595;1319.2777443807126;1305.3163107483472;1296.586676861162;1304.849928967771;1321.5012774583495;1315.9807326872874;1315.7390417792365
