t;G1;G2;G3
0.01;3.3357554612024054;6.190709173852566;2.7198435780418238
0.02;3.326922513136689;6.190898161345629;2.721370272710867
0.03;3.3180108210315478;6.197342188807469;2.7260137147678214
0.04;3.3092005719062825;6.20998014768559;2.7337438846540887
0.05;3.3006954071768533;6.226723987265809;2.7445498784622613
0.06;3.2927210081751928;6.244464427420544;2.7584373344386823
0.07;3.2855234050342603;6.262149105825692;2.775424604548671
0.08;3.2795272717723725;6.279777270352961;2.7947902481594364
0.09;3.2752014745331475;6.297348268551646;2.8156760066848756
0.1;3.272859429813874;6.31486145908115;2.8379885333950448
0.11;3.272784368372768;6.3323162116838025;2.8617886515888853
0.12;3.27525684474159;6.349711907160381;2.887133249515027
0.13;3.2805488018725457;6.367047937343388;2.914071239002039
0.14;3.288917454126594;6.384323705068241;2.942639868400253
0.15;3.300599219970403;6.40153862414236;2.9728614920769463
0.16;3.3158039466601945;6.418692119312247;3.0047409175459308
0.17;3.3347096701699015;6.435783626228572;3.038263430873641
0.18;3.3574581331402027;6.452812591409355;3.0733935736232807
0.19;3.384151217725744;6.469778472201271;3.1100747137208495
0.2;3.4148478646929843;6.486680736739124;3.1482294597194813
0.21;3.4493063036579303;6.503518863903215;3.1877811141760564
0.22;3.487049201140566;6.52029234327531;3.228640398321255
0.23;3.5278260192101496;6.537000675093545;3.2706699246948574
0.24;3.5715520837455794;6.5536433702051555;3.313701167823639
0.25;3.618108363445221;6.570219950017323;3.3575560122255292
0.26;3.6673455261331798;6.586729946446779;3.4020506586926644
0.27;3.7190890466947537;6.603172901867909;3.44699945001739
0.28;3.7731446641033264;6.619548369059414;3.4922184872615403
0.29;3.8293039490991077;6.635855911149595;3.537528893713622
0.3;3.887349759660758;6.652095101560276;3.582759611648442
0.31;3.9470613862180164;6.668265523948647;3.6277496474213398
0.31;2.138790261701918;1.3804548782997246;2.094761169557422
0.32;2.2471933188462674;1.4538960064136552;2.1375125219396898
0.33;2.3517170489833967;1.5271857466009657;2.1728524698793374
0.34;2.451611014324603;1.600281160623915;2.2016632154187477
0.35;2.5462924059167933;1.6731232819804638;2.2248587226853442
0.36;2.6353271580719713;1.7456228482771954;2.243341275423983
0.37;2.7184106909684846;1.8176493161310654;2.257965911062702
0.38;2.79534908477951;1.8890238172302336;2.2695125772399054
0.39;2.8660409739117156;1.959516306738971;2.278665693822042
0.4;2.9304602869758605;2.0288467865523496;2.286000690164656
0.41;2.9886398782779624;2.0966901548300276;2.2919769788679747
0.42;3.040656061285077;2.162683966322098;2.2969367136227894
0.43;3.0866140440108842;2.2264382094977484;2.301108564537191
0.44;3.1266342609927538;2.287546128238044;2.304615641790863
0.45;3.1608395686765403;2.3455951327922895;2.3074866194299384
0.46;3.189343169798148;2.400176932647948;2.3096690590623306
0.47;3.2122369708224987;2.4508961616672766;2.3110439177240054
0.48;3.229580506805339;2.4973770669146043;2.311440371525795
0.49;3.241391911111933;2.5392683713907314;2.310650431380271
0.5;3.2476419539876114;2.576246620960648;2.3084427952875397
0.51;3.2482502567542477;2.608018070180858;2.3045751193616972
0.52;3.243082838241287;2.63431893180759;2.298804221404877
0.53;3.2319511031702093;2.654913777788796;2.2908942069788534
0.54;3.214612733746611;2.6695924036538643;2.2806224258378154
0.55;3.19077505361873;2.678166028700312;2.267782961776618
0.56;3.1601014402752328;2.68046350420152;2.252187546664784
0.57;3.1222213604386577;2.6763277803122034;2.2336640955283036
0.58;3.076744660203389;2.665612795469832;2.2120532115888634
0.59;3.0232808132953455;2.6481810507424983;2.187203109658624
0.6;2.9614638633608936;2.623902236334488;2.158963558495844
0.61;2.8909837573887276;2.5926533712905693;2.1271796550217905
0.62;2.811624624722473;2.554321013766038;2.091686490688882
0.63;2.723310269697975;2.5088061949931877;2.0523060061890246
0.64;2.626156685346169;2.4560328448685076;2.0088473864561958
0.65;2.5205309883217946;2.3959612479453343;1.9611104297243878
0.66;2.407116962019941;2.3286115257084288;1.9088823951858596
0.67;2.286981688949136;2.254088544727914;1.8519531826556728
0.68;2.161634681580391;2.1726021213896614;1.7901624280212936
0.69;2.0330754120549908;2.084491745238311;1.7234504093251137
0.7;1.9038215448913287;1.9902549066581894;1.6519088087198668
0.71;1.7769071993244445;1.8905735282258556;1.5758343217489
0.72;1.6558409854120568;1.7863343648687693;1.495780210922143
0.73;1.5445150636249438;1.6786390359387011;1.4125983894654064
0.74;1.4470600647475769;1.5687995265075587;1.3274633952884474
0.75;1.3676466390957323;1.458315906575792;1.2418697453283187
0.76;1.310242355328481;1.3488347403989258;1.1575960364713023
0.77;1.2783415970856904;1.242089058538086;1.076632923217984
0.78;1.2746942780883075;1.1398234938355203;1.0010774215438278
0.79;1.3010644944221204;1.0437107263198788;0.9330019774930894
0.8;1.3580507269966375;0.9552671798319284;0.8743120825160973
0.81;1.444993853228706;0.875776512649076;0.8266095065149491
0.82;1.5599884088375318;0.8062286473111874;0.7910784109718384
0.83;1.6999981860527642;0.7472800208597481;0.7684084231175762
0.84;1.8610624401974913;0.6992378210209269;0.7587628295710759
0.85;2.038618769108883;0.6620557468458178;0.7617744256415715
0.86;2.2280647576452624;0.6353021240276356;0.7765083729577723
0.87;2.4246629607321903;0.6183009255712959;0.801691340440127
0.88;2.62351263196955;0.6104204426522986;0.8358188916371734
0.89;2.8201325089847313;0.6110187750517527;0.8771531036356331
0.9;3.010677509624538;0.6191667961090022;0.9239878117356551
0.91;3.1919947152828687;0.6337220889599339;0.9747067379580183
0.92;3.361614896922153;0.6535256766564157;1.0277579961248093
0.93;3.5177293551996787;0.6774337209360324;1.0816954704787296
0.94;3.6591319327159244;0.7043408352788665;1.1352043643431253
0.95;3.785138692171065;0.7331959659217129;1.1871136168944303
0.96;3.8954963611675946;0.7630120242695133;1.236398475171471
0.97;3.9902884782519603;0.7928706568128226;1.2821764235299788
0.98;4.069845799691225;0.8219235614339683;1.3236992382562158
0.99;4.134665303448578;0.8493916612191537;1.3603433388078292
1.0;4.185340259203467;0.8745632833832266;1.391599988095465
1.01;4.222502399979647;0.8967923042396937;1.4170663414719917
1.02;4.246776226709763;0.9154970362970665;1.43643790985369
1.03;4.2587448487083694;0.9301604619664136;1.4495027053006733
1.04;4.258926436486062;0.9403322751423249;1.456137140733768
1.05;4.247760259544751;0.9456330904445944;1.4563035920217882
1.06;4.225601324703228;0.9457610959604588;1.4500493939875898
1.07;4.192722750899774;0.9405013126261078;1.437506969486357
1.08;4.1493251535749;0.9297374629980577;1.4188947666494633
1.09;4.095552418950281;0.913466243454631;1.3945186555147966
1.1;4.0315132994652;0.8918135279526438;1.3647733929983217
1.11;3.9573082410745277;0.865051696826024;1.330143712454228
1.12;3.8730607335081344;0.8336168727427166;1.291204564742066
1.13;3.7789521915704314;0.7981242780053716;1.2486202666701964
1.14;3.6752579467365383;0.7593760794232705;1.2031496671394957
1.15;3.562378442042856;0.7183496006966463;1.1556772680245309
1.16;3.4408771486029237;0.6762103174740723;1.1071674121470285
1.17;3.3115189557345412;0.6343182731148204;1.05860595756503
1.18;3.1752909315654265;0.5941887887357028;1.0110088671025028
1.19;3.033414101974842;0.557448311522037;0.9654058560704566
1.2;2.887342231259783;0.5257787500178007;0.922814283212026
1.21;2.7387446405278824;0.5008491658500723;0.884210158648445
1.22;2.5894720998707506;0.48423813676847055;0.8504977723317112
1.23;2.441506449088186;0.4773518793986385;0.822479659490521
1.24;2.296896378621887;0.48134453945340183;0.800828851847371
1.25;2.1576834939907896;0.49704769640353724;0.7860654013744796
1.26;2.025824101788507;0.524915876166853;0.7785389695760543
1.27;1.9031128427404158;0.5649936535981323;0.7784188532872399
1.28;1.7911142126354342;0.6169078745268367;0.7856922137770872
1.29;1.6911071562052105;0.6798859265413781;0.8001705711282694
1.3;1.6040464410277264;0.7527982468627907;0.8215039212259667
1.31;1.5305426772783615;0.8342208094537416;0.8492012267902178
1.32;1.470860949473834;0.9225115476944088;0.8826556029231866
1.33;1.4249363489004594;1.015893765588994;0.9211723021528441
1.34;1.3924034417895697;1.1125396144982358;0.9639976054270905
1.35;1.372635974187765;1.2106475437732491;1.0103469127244202
1.36;1.3647928918875607;1.3085090347052604;1.0594306502893966
1.37;1.3678669513229744;1.404561603007137;1.1104770298589266
1.38;1.3807326367637212;1.4974266754893755;1.1627512891663214
1.39;1.4021901408341004;1.5859317437500358;1.2155731141177197
1.4;1.4310016303826487;1.6691159722093147;1.2683379440139515
1.41;1.46592462694986;1.7462285417583299;1.3205270984478599
1.42;1.5057439639782888;1.8167273130583956;1.3716983375418037
1.43;1.5492966628945248;1.8802686842950362;1.4214770350026797
1.44;1.5954916831140535;1.9366833656568518;1.4695545392090232
1.45;1.6433267728839593;1.985948132490164;1.515686612322322
1.46;1.691896240187895;2.0281610153019782;1.5596895383699705
1.47;1.7403873107942913;2.0635183312622605;1.6014352621015824
1.48;1.7880733762375058;2.092293254710832;1.6408451386359364
1.49;1.8343078755685847;2.11481652802757;1.6778826220538976
1.5;1.8785177575454555;2.131459614868693;1.712545553018164
1.51;1.920196403562435;2.142620318338211;1.7448583626714698
1.52;1.9588963108659785;2.1487107296918335;1.7748643603609184
1.53;1.994221876485117;2.1501472816519156;1.8026182131934652
1.54;2.0258225718237757;2.1473426355906153;1.8281786971671408
1.55;2.053386733325191;2.1406991222158167;1.8516017869197754
1.56;2.0766361367128527;2.1306034711355615;1.8729341484906215
1.57;2.095321476848381;2.117422597260589;1.892207103887691
1.58;2.1092188434100283;2.1015002542722008;1.9094311454881245
1.59;2.1181272637898516;2.0831544114876674;1.9245910906248926
1.6;2.121867377333406;2.0626752557383172;1.9376419808034806
1.61;2.120281307167683;2.0403237607218347;1.9485058449330899
1.62;2.113233804634745;2.0163308000001066;1.9570694612014725
1.63;2.100614753320863;1.9908968045008892;1.9631832674605414
1.64;2.082343130546618;1.9641919798951064;1.9666615849159264
1.65;2.0583725286598678;1.9363571030865319;1.9672843338879127
1.66;2.0286983301263044;1.9075049104179598;1.964800432021808
1.67;1.9933666016959497;1.8777220738040477;1.9589330718960765
1.68;1.9524847153768456;1.8470717361411724;1.9493870720781294
1.69;1.9062336087461964;1.8155965458684913;1.93585847676741
1.7;1.8548814561349876;1.7833220948908388;1.9180465354986518
1.71;1.7987983296708323;1.7502606272857795;1.8956681154009678
1.72;1.7384711841102105;1.716414852056688;1.8684744729647735
1.73;1.6745182088513195;1.681781666128261;1.8362701302406734
1.74;1.607701273024519;1.6463555788876032;1.7989333564067735
1.75;1.538934878444201;1.6101316322284198;1.7564374527434574
1.76;1.4692897804723255;1.5731076352928601;1.7088716934209787
1.77;1.3999893040188625;1.5352855846072726;1.6564604195690336
1.78;1.3323964461428672;1.49667221905031;1.599578472661757
1.79;1.2679901907943762;1.4572787618516994;1.5387609555950768
1.8;1.2083301173586383;1.4171200199289558;1.4747053058897477
1.81;1.1550093722908104;1.37621312976816;1.408263930058771
1.82;1.1095973378687487;1.3345763392187102;1.3404262303465468
1.83;1.073574743258826;1.2922282741901023;1.2722897550537307
1.84;1.0482653182195167;1.2491881385471741;1.2050213545713913
1.85;1.0347691418224068;1.2054772220005754;1.1398104870342276
1.86;1.0339033451775514;1.161121943943904;1.077817990588008
1.87;1.0461556124122775;1.116158454897416;1.0201244994835628
1.88;1.071654935551617;1.0706385787307557;0.9676830306381711
1.89;1.1101624190291515;1.0246366438171022;0.9212799879105874
1.9;1.161082847290767;0.9782565561344884;0.8815079243619723
1.91;1.223495568424887;0.9316383411913953;0.8487519991947664
1.92;1.2962013664836982;0.8849633405407609;0.8231904021083173
1.93;1.3777806829360497;0.8384572938668245;0.8048073815179774
1.94;1.4666579577525378;0.7923906585266893;0.7934161778358308
1.95;1.5611669913068924;0.7470756980074645;0.7886883279585372
1.96;1.6596129430236586;0.7028600915850788;0.7901855606939283
1.97;1.7603276623963475;0.6601170653493703;0.7973908166283853
1.98;1.8617162544105756;0.6192323089110038;0.8097356757405474
1.99;1.9622939117342328;0.5805882122142763;0.8266224805039615
2.0;2.0607129658274204;0.5445462188978487;0.8474405058337181
2.01;2.1557807603955355;0.511428325788479;0.871576477886089
2.02;2.246469340067772;0.4814989350600852;0.8984204579178594
2.03;2.3319181235206634;0.4549483565633318;0.9273685217281485
2.04;2.411430759590996;0.4318792376418584;0.957823775255546
2.05;2.484467310877113;0.412297053563629;0.9891970969358955
2.06;2.5506328209755296;0.39610552881574845;1.0209086641768859
2.07;2.609663229023517;0.38310750299229734;1.0523908956280654
2.08;2.661409511585252;0.3730113462508689;1.0830930103935636
2.09;2.705820857877619;0.3654426184296428;1.1124870404086604
2.1;2.742927614313586;0.35996030193353545;1.1400748777250491
2.11;2.772824661483486;0.35607666011160255;1.165395811132398
2.12;2.795655806093242;0.3532796019993613;1.188033997880599
2.13;2.8115996804075203;0.351056373887937;1.207625399342526
2.14;2.8208575438268735;0.3489174339590509;1.2238638475628234
2.15;2.823643278679054;0.34641947186320277;1.2365060646549884
2.16;2.820175768915573;0.3431866788727406;1.2453755960458066
2.17;2.8106737492441503;0.33892952560772216;1.2503657181068897
2.18;2.7953531149905038;0.333460439468835;1.2514414282693378
2.19;2.7744265899572116;0.32670587913654847;1.248640619507732
2.2;2.7481055601359565;0.3187143766738459;1.2420744884541048
2.21;2.716603794736669;0.3096601677433397;1.2319271416793356
2.22;2.6801426930346954;0.2998420748197901;1.2184542668086613
2.23;2.6389576182973693;0.28967736988846693;1.2019806453451327
2.24;2.5933048131902376;0.2796904455748594;1.182896223430643
2.25;2.543468341502319;0.2704962862966131;1.161650443571405
2.26;2.4897664771639976;0.262778963931622;1.1387445873059099
2.27;2.4325569717660507;0.25726568222030066;1.1147219902777499
2.28;2.372240682597838;0.25469724124002374;1.090156161077199
2.29;2.309263137104038;0.2557961526104929;1.0656370460740365
2.3;2.2441137434777567;0.26123396022923406;1.041755906660277
2.31;2.177322521367104;0.2715995576729628;1.0190894786679998
2.32;2.1094544060916123;0.28737039349483945;0.9981842312436301
2.33;2.0411013552783026;0.3088883853500277;0.9795416053330246
2.34;1.9728726387130155;0.3363421117681925;0.9636050740663925
2.35;1.9053838036869006;0.36975643224263377;0.9507497296759059
2.36;1.8392448685815868;0.4089901441629568;0.9412748828196826
2.37;1.7750483043780565;0.45374168079594884;0.9353998933417894
2.38;1.7133573229933379;0.5035622589681985;0.9332631771243195
2.39;1.6546949152977874;0.557875366131655;0.9349240914406953
2.4;1.599533986425933;0.6160010877074793;0.9403672219909387
2.41;1.5482888377033721;0.6771835489460762;0.9495084953869356
2.42;1.5013081561657937;0.7406196886484722;0.9622025222858147
2.43;1.4588696020106973;0.8054876803732006;0.9782506258763345
2.44;1.4211760333520425;0.8709735389793248;0.9974091061130871
2.45;1.3883533733204978;0.9362947560102767;1.0193974067643843
2.46;1.3604501007221046;1.000720153994962;1.0439059669172086
2.47;1.3374383251122515;1.0635854986827638;1.0706036340127905
2.48;1.3192163843982831;1.1243047288482422;1.0991445825621078
2.49;1.3056128746344189;1.1823769345404236;1.1291747198803446
2.5;1.2963919872575282;1.2373894250623454;1.1603375719733735
2.51;1.2912599911264278;1.2890173744527287;1.1922796372051188
2.52;1.2898726597051535;1.3370206181427753;1.2246551817923108
2.53;1.2918434125593932;1.3812382074510454;1.2571304378173076
2.54;1.2967519195017305;1.4215813187317954;1.2893871573833562
2.55;1.304152908355472;1.4580250721890933;1.3211254790065639
2.56;1.3135849247178586;1.4905997521290495;1.3520660748692368
2.57;1.324578813729027;1.5193818451108423;1.3819515685113748
2.58;1.3366657275252243;1.544485232844508;1.4105472389347544
2.59;1.349384504480675;1.5660527987657598;1.4376410554604344
2.6;1.3622883136667563;1.5842486352495448;1.463043114739165
2.61;1.3749505063009355;1.5992509750887347;1.4865845744544108
2.62;1.3869696618436533;1.6112459175244653;1.5081161957599158
2.63;1.3979738570326345;1.6204219760960987;1.5275066175546366
2.64;1.407624219522223;1.6269654424479012;1.5446404903040827
2.65;1.4156178527176762;1.631056536050626;1.5594165958433095
2.66;1.421690234345533;1.6328662933451905;1.5717460733646105
2.67;1.4256171983099653;1.6325541397549537;1.5815508616516798
2.68;1.4272166078538722;1.6302660830176425;1.5887624545605765
2.69;1.426349818606303;1.6261334651351051;1.593321051565906
2.7;1.422923013507456;1.6202722118587896;1.595175168422027
2.71;1.4168884686698027;1.6127825221299725;1.5942817548806754
2.72;1.4082457808199451;1.6037489445664135;1.5906068469444492
2.73;1.397043054018477;1.593240793389396;1.5841267601102351
2.74;1.3833780069922124;1.5813128617215007;1.5748298071639275
2.75;1.3673989240293816;1.5680063956774335;1.5627184990562304
2.76;1.3493053337705316;1.5533502979236773;1.5478121601283175
2.77;1.3293482636539002;1.5373625342562038;1.5301498597159235
2.78;1.3078298860685815;1.5200517211169573;1.5097935316835902
2.79;1.2851023487723219;1.5014188757092553;1.4868311230940994
2.8;1.2615655705636593;1.481459313317565;1.4613795850639513
2.81;1.2376637873793164;1.4601646783785431;1.4335874956419619
2.82;1.2138806574070957;1.4375250965282367;1.4036370895764145
2.83;1.1907327790599642;1.4135314339644243;1.37174546668311
2.84;1.1687615438054253;1.3881776477043333;1.3381647626161985
2.85;1.148523335763786;1.361463205413699;1.303181095880536
2.86;1.1305781978670881;1.333395546265413;1.2671121542609085
2.87;1.1154772034776417;1.3039925447660594;1.230303351865545
2.88;1.1037488932401514;1.2732849279334566;1.1931225716533977
2.89;1.095885248082934;1.2413185832046696;1.1559536020200958
2.9;1.092327758352687;1.208156680938156;1.1191884718162695
2.91;1.0934542044814428;1.1738815226206305;1.083218976533032
2.92;1.0995667772757263;1.1385960154422965;1.0484277593607578
2.93;1.1108821309418975;1.1024246674556426;1.0151793555001696
2.94;1.1275238795940505;1.0655139967537883;0.9838116201149627
2.95;1.1495179240649314;1.0280322544555014;0.9546279370927674
2.96;1.1767908411530037;0.9901683758197793;0.9278905492378561
2.97;1.2091713963229567;0.9521300970205231;0.9038152669956636
2.98;1.2463950691654848;0.9141412067833474;0.8825677122134521
2.99;1.2881113237338047;0.8764379412601934;0.8642611477265024
3.0;1.3338932256263074;0.8392645754669853;0.848955844814227
3.01;1.383248912728982;0.8028683129004232;0.8366598591184059
3.02;1.4356343705888135;0.7674936235413151;0.8273310284807168
3.03;1.490466945807956;0.7333762258641873;0.8208799762068574
3.04;1.5471390474959923;0.7007369470070444;0.817173899146517
3.05;1.605031531322624;0.669775723284052;0.8160409368122812
3.06;1.6635263257506965;0.6406660175340158;0.8172749483878109
3.07;1.72201793838733;0.6135499279664901;0.8206405609695435
3.08;1.7799235656808279;0.5885342439251142;0.8258783875025003
3.09;1.8366916161763767;0.5656876675018272;0.8327103411745007
3.1;1.8918085421519761;0.5450393679526054;0.8408449915222567
3.11;1.9448039536060395;0.5265789716560494;0.8499829156933234
3.12;1.9952540599277961;0.5102580184459645;0.8598219978341332
3.13;2.0427835463674033;0.49599284084965073;0.8700626234664574
3.14;2.0870660432842527;0.48366875158006317;0.8804127075453287
3.15;2.1278233851414545;0.4731453616256704;0.8905924879699847
3.16;2.164823882825649;0.46426280051891133;0.9003390130930918
3.17;2.1978798470843066;0.4568485745029963;0.9094102535012807
3.18;2.226844603183847;0.45072477843552994;0.9175887750562881
3.19;2.251609228288365;0.44571537291654517;0.9246849209063389
3.2;2.2720992249424468;0.4416532475942505;0.9305394632596778
3.21;2.288271318108476;0.43838681230758914;0.9350256992770365
3.22;2.3001105313098456;0.4357858867023064;0.9380509777672784
3.23;2.307627661438818;0.4337466932965972;0.939557653203145
3.24;2.3108572334882145;0.43219579618662596;0.9395234702980695
3.25;2.3098559774952045;0.43109286584518886;0.9379613860782451
3.26;2.3047018318032655;0.4304321886977693;0.9349188377443316
3.27;2.29549344065202;0.4302428779700872;0.9304764648057536
3.28;2.282350081260069;0.43058777981142005;0.9247462943875726
3.29;2.2654119270460313;0.43156110629011674;0.917869400658765
3.3;2.2448405304390437;0.43328486487559464;0.9100130541754812
3.31;2.2208193917908403;0.4359041924995133;0.9013673853054329
3.32;2.1935544710351778;0.4395817407291718;0.8921415979522661
3.33;2.1632744965862125;0.44449129583893104;0.8825597850489265
3.34;2.130230931896447;0.4508108518225708;0.8728564146396043
3.35;2.094697474111881;0.45871538331832096;0.8632715732343014
3.36;2.0569689809232043;0.46836958639880055;0.854046069613482
3.37;2.017359750079322;0.47992086564673425;0.8454165154603998
3.38;1.9762011096733867;0.4934928437539459;0.8376105074123859
3.39;1.9338383143764653;0.50917965369713;0.8308420371370264
3.4;1.8906267811193025;0.5270412430836575;0.8253072513011187
3.41;1.8469277350124562;0.5470998764873526;0.8211806719934763
3.42;1.803103370303306;0.5693379667145552;0.8186119711703473
3.43;1.759511659890613;0.5936973032492608;0.8177233714485995
3.44;1.7165009687437995;0.6200796797049192;0.8186077218334603
3.45;1.6744046404004318;0.648348856424669;0.8213272725491386
3.46;1.6335357309950638;0.678333733825979;0.8259131496684323
3.47;1.5941820620081137;0.7098325605877953;0.8323655089627188
3.48;1.5566017516176136;0.7426179613853996;0.8406543300993541
3.49;1.521019366107532;0.7764425435495385;0.8507207973188364
3.5;1.487622808470076;0.811044831510985;0.8624792009700798
3.51;1.4565610325935257;0.8461552817584185;0.8758192854757118
3.52;1.4279426398374016;0.8815021478111719;0.8906089630613875
3.53;1.4018353819966736;0.916816992110637;0.9066973085836282
3.54;1.3782665622533417;0.9518396769563539;0.9239177488249014
3.55;1.3572242952148517;0.9863227066224963;0.9420913596386774
3.56;1.3386595598918911;1.0200348346012555;0.9610301863838551
3.57;1.3224889565871956;1.0527638908270742;0.9805405072963744
3.58;1.3085980609866334;1.0843188214884432;1.000425965881361
3.59;1.296845256767681;1.114530966933704;1.0204905070323347
3.6;1.2870659219262646;1.1432546301214228;1.0405410621965374
3.61;1.2790768435812976;1.1703670085215154;1.0603899411307738
3.62;1.272680740741557;1.1957675763184945;1.0798569010969779
3.63;1.2676707836456977;1.2193770115938953;1.098770878090029
3.64;1.2638350108538192;1.2411357655678077;1.116971378183801
3.65;1.2609605602131257;1.2610023688506344;1.1343095396623881
3.66;1.258837646049372;1.2789515639775624;1.1506488876908503
3.67;1.2572632314098338;1.2949723452571822;1.1658658124220023
3.68;1.2560443599760833;1.3090659770840982;1.1798498083334097
3.69;1.2550011266093286;1.3212440511571755;1.1925035171027478
3.7;1.2539692778057765;1.3315266321819896;1.20374261846531
3.71;1.252802443239631;1.3399405311441255;1.213495613385671
3.72;1.25137400686273;1.3465177354948183;1.2217035417378739
3.73;1.24957863069301;1.3512940168353729;1.2283196728080785
3.74;1.2473334465940358;1.3543077290467693;1.2333092016245382
3.75;1.2445789312852014;1.3555988033165052;1.236648977704781
3.76;1.241279477891244;1.3552079411238482;1.2383272856031633
3.77;1.2374236739799391;1.3531760018614984;1.2383436889411625
3.78;1.2330242917433902;1.3495435782689298;1.2367089416872517
3.79;1.2281179912814362;1.344350750084514;1.233444962586874
3.8;1.2227647333893112;1.337637004139464;1.2285848610793617
3.81;1.2170468943781005;1.3294413073738385;1.222172996031587
3.82;1.2110680727818317;1.319802317821271;1.2142650424213446
3.83;1.2049515767991803;1.3087587173749602;1.2049280359795416
3.84;1.1988385823752572;1.2963496490231663;1.1942403620105089
3.85;1.192885955242468;1.2826152401666213;1.1822916524103273
3.86;1.1872637361670992;1.2675971925666665;1.169182554524353
3.87;1.1821522970851213;1.2513394184148192;1.155024337112787
3.88;1.177739186564972;1.2338887009818666;1.1399383024403036
3.89;1.1742156957110708;1.2152953573446676;1.1240549793855374
3.9;1.1717731896206318;1.1956138798732816;1.1075130803683488
3.91;1.1705992640400835;1.174903532583334;1.0904582145639834
3.92;1.1708738009964301;1.1532288782279645;1.0730413609106662
3.93;1.1727650098702107;1.1306602122414042;1.0554171162782342
3.94;1.1764255505763048;1.1072738804748194;1.0377417461897827
3.95;1.1819888422439662;1.083152459201165;1.0201710769426973
3.96;1.1895656632144045;1.0583847782088456;1.0028582781084856
3.97;1.1992411457305023;1.0330657710247342;0.9859515924988884
3.98;1.211072261121336;1.0072961404380096;0.9695920761811785
3.99;1.225085878691364;0.981181832518859;0.9539114135949873
4.0;1.2412774643873759;0.9548333181670176;0.9390298720760186
4.01;1.2596104644589536;0.9283646877461492;0.9250544561783208
4.02;1.280016395858327;0.9018925713629802;0.9120773153985965
4.03;1.302395640345348;0.8755349045739835;0.9001744497405291
4.04;1.3266189145649332;0.8494095664386644;0.8894047466685195
4.05;1.3525293651141386;0.8236329235392754;0.8798093711266972
4.06;1.3799452170523305;0.7983183194866876;0.8714115181893638
4.07;1.4086628874497809;0.7735745541684051;0.8642165262513999
4.08;1.4384604631578617;0.7495044002331156;0.858212338032986
4.09;1.469101434443784;0.7262032057637493;0.8533702874783162
4.1;1.5003385735730077;0.7037576315637907;0.84964618312188
4.11;1.5319178496524823;0.6822445688598431;0.846981652765016
4.12;1.5635822776240378;0.6617302785115081;0.8453057103028575
4.13;1.5950756095674778;0.6422697861393925;0.8445365031193109
4.14;1.6261457896483889;0.623906559172324;0.8445831974187332
4.15;1.6565481092520746;0.6066724820230222;0.8453479589585089
4.16;1.6860480151880408;0.5905881348576876;0.8467279876635784
4.17;1.7144235404616013;0.5756633702230998;0.8486175663454335
4.18;1.7414673431957237;0.5618981706519621;0.8509100860511464
4.19;1.7669883541562446;0.5492837597960698;0.853500013301849
4.2;1.790813046426513;0.5378039301086495;0.8562847675419956
4.21;1.81278635167367;0.5274365420164024;0.8591664804239763
4.22;1.8327722558780872;0.5181551432024321;0.8620536120208481
4.23;1.85065411323394;0.5099306522782052;0.8648624026194738
4.24;1.8663347201813187;0.5027330488656444;0.8675181423260931
4.25;1.8797361923281926;0.49653301195134153;0.8699562442487325
4.26;1.8907996855928395;0.4913034502412284;0.872123110447276
4.27;1.8994849995531895;0.4870208719938154;0.8739767831186782
4.28;1.9057700960956607;0.48366654725279645;0.8754873765877941
4.29;1.9096505604139467;0.4812274223111084;0.8766372886024203
4.3;1.9111390246381208;0.47969675437879367;0.8774211922073727
4.31;1.910264567293259;0.47907444354445783;0.8778458121369084
4.32;1.9070720947962494;0.4793670489622958;0.8779294922716757
4.33;1.9016217046712949;0.4805874865047478;0.8777015633105062
4.34;1.8939880244291425;0.4827544156275689;0.8772015224545759
4.35;1.8842595153919797;0.48589133362079917;0.8764780396185294
4.36;1.8725377273748118;0.4900254054676873;0.8755878074663118
4.37;1.8589364882088486;0.4951860668886203;0.8745942553808369
4.38;1.8435810116920202;0.5014034464779864;0.8735661502405673
4.39;1.8266069086807624;0.5087066598129587;0.8725761094831919
4.4;1.8081590886209946;0.5171220336992405;0.8716990542511978
4.41;1.7883905427051394;0.526671322027029;0.8710106322846168
4.42;1.7674610048157864;0.5373699758040448;0.8705856415019478
4.43;1.7455354921967272;0.5492255286561284;0.8704964857540024
4.44;1.7227827340529724;0.5622361553891897;0.8708116939402438
4.45;1.69937350267102;0.5763894551599991;0.8715945324787584
4.46;1.6754788678083652;0.5916615026087835;0.8729017390043969
4.47;1.6512684006805243;0.6080162002924544;0.8747824021743981
4.48;1.626908358561162;0.6254049543694826;0.8772770086797552
4.49;1.6025598845460887;0.6437666832592824;0.8804166741305921
4.5;1.5783772592199832;0.6630281565241544;0.8842225695788668
4.51;1.5545062416901305;0.6831046491115116;0.888705550258679
4.52;1.5310825366759995;0.7039008849334599;0.8938659878669966
4.53;1.508230422113562;0.7253122340749093;0.8996938025786174
4.54;1.4860615681657128;0.7472261201340246;0.9061686861728876
4.55;1.464674073807342;0.7695235886100222;0.9132605033073773
4.56;1.4441517415087544;0.7920809840247575;0.9209298542366715
4.57;1.4245636042386725;0.8147716826128418;0.9291287792385132
4.58;1.4059637123349251;0.8374678288232165;0.9378015827390684
4.59;1.3883911810305163;0.8600420273065692;0.9468857536519718
4.6;1.371870492849921;0.8823689471901391;0.9563129577621333
4.61;1.356412042948583;0.9043268018714988;0.9660100780641496
4.62;1.342012909968601;0.9257986748724129;0.975900279753012
4.63;1.3286578302870313;0.9466736700568115;0.9859040779862919
4.64;1.3163203497556761;0.9668478723314856;0.9959403884981719
4.65;1.304964124234066;0.986225112459238;1.0059275435413144
4.66;1.2945443384144597;1.0047175365270975;1.0157842583454133
4.67;1.2850092115946625;1.0222459867024016;1.0254305361913965
4.68;1.2763015590985562;1.0387402050250714;1.0347885031853885
4.69;1.2683603788695215;1.054138876043095;1.0437831667603026
4.7;1.2611224342397425;1.068389527081174;1.0523430947261243
4.71;1.2545238058658215;1.0814483068742364;1.060401014237069
4.72;1.2485013881714873;1.0932796642746891;1.0678943322644452
4.73;1.2429943082078994;1.103855948861629;1.0747655809961356
4.74;1.2379452475014299;1.1131569546676547;1.0809627929854562
4.75;1.233301650094695;1.1211694270285317;1.08643981182085
4.76;1.2290168025102919;1.1278865508872096;1.0911565445820173
4.77;1.225050773715315;1.1333074368739662;1.095079162403367
4.78;1.22137120530276;1.137436619254885;1.0981802551157593
4.79;1.2179539440251717;1.1402835774929758;1.1004389452306058
4.8;1.2147835105337814;1.1418622907852198;1.101840965526635
4.81;1.2118533997318686;1.1421908325946781;1.1023787032701058
4.82;1.2091662096016365;1.1412910099434814;1.1020512127218423
4.83;1.20673359677894;1.1391880501114087;1.1008641961418804
4.84;1.2045760586059042;1.1359103354250133;1.0988299520808886
4.85;1.2027225429638027;1.1314891850446713;1.0959672884311908
4.86;1.2012098889469909;1.1259586810743516;1.092301396582135
4.87;1.2000821034380011;1.1193555349401396;1.0878636821600705
4.88;1.1993894809211176;1.1117189888133856;1.08269154730009
4.89;1.199187576435685;1.1030907458956927;1.0768281192485454
4.9;1.1995360444023784;1.0935149226384167;1.07032192037135
4.91;1.2004973591035943;1.0830380154403194;1.0632264753629035
4.92;1.2021354357766774;1.07170887405471;1.0555998526111792
4.93;1.2045141744708674;1.0595786738435906;1.0475041382516395
4.94;1.2076959518795514;1.046700879141012;1.0390048433849548
4.95;1.211740089126199;1.0331311903294969;1.0301702471672343
4.96;1.216701325778911;1.0189274677896907;1.021070680910992
4.97;1.2226283320206524;1.0041496266467977;1.0117777608459484
4.98;1.2295622917486635;0.9888594971979409;1.0023635796559007
4.99;1.2375355892814661;0.9731206470468655;0.9928998691990388
5.0;1.246570631218929;0.9569981622751508;0.9834571488066826
